arm,by,stratum,mean,low,high,wins,n
"Slams + Masters, two hops (final)",degree_stratum,0-5 (cold),0.01694499891163407,0.014529208303727129,0.01936078951954101,5,1134
"Slams + Masters, two hops (final)",degree_stratum,6-20,-0.001808860553758416,-0.0036150202801864284,-2.7008273304038495e-06,1,2037
"Slams + Masters, two hops (final)",degree_stratum,21+,-0.007383568818608017,-0.013430126142366917,-0.0013370114948491182,0,599
"Slams + Masters, two hops (final)",common_stratum,0,0.011092166498128239,0.008057016722442568,0.01412731627381391,5,1053
"Slams + Masters, two hops (final)",common_stratum,1-4,0.0031748719700666027,0.002119863231879517,0.0042298807082536884,5,1780
"Slams + Masters, two hops (final)",common_stratum,5-14,-0.006245288977057465,-0.011038211259145505,-0.0014523666949694258,0,913
"Slams + Masters, two hops (final)",common_stratum,15+,-0.021714687406382598,-0.03468351791715592,-0.008745856895609274,0,24
"Slams + Masters, one hop",degree_stratum,0-5 (cold),0.013021089109535719,0.011098597352049825,0.014943580867021612,5,1134
"Slams + Masters, one hop",degree_stratum,6-20,-0.00414081839905892,-0.00698121177108533,-0.0013004250270325095,0,2037
"Slams + Masters, one hop",degree_stratum,21+,-0.011513262185630046,-0.01449423909985993,-0.008532285271400162,0,599
"Slams + Masters, one hop",common_stratum,0,0.010527807527922324,0.008544561221006546,0.012511053834838103,5,1053
"Slams + Masters, one hop",common_stratum,1-4,0.00023855106090739397,-0.0020189444810641954,0.002496046602878983,3,1780
"Slams + Masters, one hop",common_stratum,5-14,-0.012533036005710776,-0.015251883812959197,-0.009814188198462356,0,913
"Slams + Masters, one hop",common_stratum,15+,-0.02637985083188908,-0.039404689353976625,-0.01335501230980153,0,24
"Full tour, one hop (final)",degree_stratum,0-5 (cold),0.0011104167087299891,-0.0010483498972011034,0.0032691833146610816,4,2315
"Full tour, one hop (final)",degree_stratum,6-20,0.0002453946953246682,-0.001332521798504882,0.0018233111891542183,3,4399
"Full tour, one hop (final)",degree_stratum,21+,0.0013119628045364907,-0.0005679202952423123,0.0031918459043152937,4,7626
"Full tour, one hop (final)",common_stratum,0,0.0016067945771814755,-2.617495634927333e-05,0.003239764110712224,4,2114
"Full tour, one hop (final)",common_stratum,1-4,0.0002015246398344027,-0.0018099063968687124,0.002212955676537518,3,4228
"Full tour, one hop (final)",common_stratum,5-14,0.0009936929672038893,-0.0005673996153525976,0.002554785549760376,4,6230
"Full tour, one hop (final)",common_stratum,15+,0.0018187880055298051,-4.9648406936358535e-05,0.003687224417995969,4,1768
