player,bscore
Roger Federer,0.49010739457239744
Novak Djokovic,0.3932660205694379
Andy Murray,0.3832429954094167
Rafael Nadal,0.32260499910386115
Andy Roddick,0.23606578335122372
Gael Monfils,0.16878627362705503
David Nalbandian,0.16303796062401285
Jo-Wilfried Tsonga,0.15546039706556353
Juan Martin del Potro,0.1460563456583065
Robin Soderling,0.13234533311754088
Mardy Fish,0.12810470936583349
Nikolay Davydenko,0.12671606567623359
Tomas Berdych,0.12063226545122514
Marcos Baghdatis,0.11050203894860956
Marin Cilic,0.10222525387442397
David Ferrer,0.0919935505173902
Fernando Verdasco,0.09075399228789151
Mikhail Youzhny,0.08394095300521198
Fernando Gonzalez,0.08056196331795101
Richard Gasquet,0.08016885726766428
Stan Wawrinka,0.07994044216274772
Gilles Simon,0.0764585680033525
Michael Llodra,0.07573596126986333
Julien Benneteau,0.06783359735137111
Ivo Karlovic,0.06533779547791597
Tommy Robredo,0.06335987124274145
Radek Stepanek,0.06120328096496039
James Blake,0.06070823170105237
Lleyton Hewitt,0.04623478216243324
Juan Carlos Ferrero,0.046180448553390645
Philipp Kohlschreiber,0.044078757045905546
Jeremy Chardy,0.043696907998755426
Nicolas Kiefer,0.04088087214082067
Tommy Haas,0.04009872080286823
Janko Tipsarevic,0.038222546027216905
Sam Querrey,0.03806009618752874
Carlos Moya,0.038040317849254254
Olivier Rochus,0.03680622273277301
Paul Henri Mathieu,0.032380282192473554
John Isner,0.03120700702035037
Jurgen Melzer,0.029573920795467803
Igor Andreev,0.029448039043752584
Mario Ancic,0.02902648673434546
Juan Monaco,0.027349778442073102
Feliciano Lopez,0.02727833805825818
Viktor Troicki,0.02724679480126621
Arnaud Clement,0.026220177697652388
Florent Serra,0.025456923217107914
Ernests Gulbis,0.02469502991707606
Juan Ignacio Chela,0.024632018764226302
Fabrice Santoro,0.023538518556620425
Alejandro Falla,0.022198302132226136
Jarkko Nieminen,0.022183253942087672
Guillermo Canas,0.021962577765266205
Robby Ginepri,0.018556599595277
Kevin Anderson,0.01841239684351697
Fabio Fognini,0.017948561145423682
Marat Safin,0.0166707632303878
Guillermo Garcia Lopez,0.016466127409760903
Nicolas Almagro,0.015702231152931168
Kei Nishikori,0.01568670963238428
Xavier Malisse,0.015227118548004525
Ivan Ljubicic,0.015059195839011169
Evgeny Korolev,0.014999080714895138
Nicolas Lapentti,0.014895771639842001
Jose Acasuso,0.014367946950420651
Dmitry Tursunov,0.013828562997189608
Thomaz Bellucci,0.013807498362545504
Hyung Taik Lee,0.013590950372259217
Sergiy Stakhovsky,0.012989426472026583
Yen Hsun Lu,0.012517062720881628
Andreas Seppi,0.011581266346985388
Andrey Golubev,0.01157992012467431
Taylor Dent,0.011496048613485157
Benjamin Becker,0.011475908880536966
Marcel Granollers,0.011116954767043653
Simone Bolelli,0.010821215595583694
Chris Guccione,0.010686341937944849
Ivan Dodig,0.01064979029618305
Stefan Koubek,0.010251198082728577
Frank Dancevic,0.010236358458568257
Denis Istomin,0.009824298187005497
Philipp Petzschner,0.00975694751747722
Dominik Hrbaty,0.0097394808195671
Amer Delic,0.009617116128548563
Florian Mayer,0.009548185863083834
Agustin Calleri,0.008915283177365927
Guillermo Coria,0.0087695092597953
Alexandr Dolgopolov,0.00852563930392346
Thomas Johansson,0.008511717562745076
Paul Goldstein,0.008434149182856808
Gilles Muller,0.008118928519555826
Robert Kendrick,0.007402041037126179
Nicolas Massu,0.007394116487101766
Daniel Gimeno Traver,0.007081369351934572
Victor Hanescu,0.0068346557830649066
Horacio Zeballos,0.006645216079106861
Joachim Johansson,0.006642090777968966
Thiemo De Bakker,0.006538142081495479
Michael Berrer,0.0063107683820812195
Tim Henman,0.006299355409281623
Dudi Sela,0.006140760214035618
Lukasz Kubot,0.006032299259880437
Rainer Schuettler,0.005681730805282859
Igor Kunitsyn,0.005664235248188119
Marc Gicquel,0.005553610186965456
Peter Polansky,0.005286619550578214
Marco Chiudinelli,0.005210573522115348
Kevin Kim,0.005191710469053727
Santiago Giraldo,0.004844137582232684
Illya Marchenko,0.004792333312663049
David Guez,0.0047284592491739245
Sebastien Grosjean,0.0044088293365532145
Luis Horna,0.004280840703283604
Wesley Moodie,0.004117812590622234
Jan Hernych,0.004103856205283263
Vincent Spadea,0.00396253762973943
Max Mirnyi,0.00395485562919384
Robin Haase,0.003954341939893002
Davide Sanguinetti,0.0039259817093113426
Kristof Vliegen,0.0039150761817000205
Ivo Minar,0.003619071059859984
Ivan Navarro,0.0035517283388753957
Nicolas Mahut,0.003110663852725782
Albert Montanes,0.0030801210347899633
Frederico Gil,0.0030005412937429356
Teymuraz Gabashvili,0.00287883542892555
Donald Young,0.0026840231157799696
Andre Agassi,0.002642407717570801
Filippo Volandri,0.002641401554881278
Ilija Bozoljac,0.0026142950454972826
Andreas Beck,0.002596064772790838
Alex Bogomolov Jr,0.002550104062535455
Eduardo Schwank,0.002158683275156253
Paradorn Srichaphan,0.002136778395319294
Michael Russell,0.0020428147568657307
Paul Capdeville,0.0019007766484490617
Greg Rusedski,0.0018407501660636367
Mikhail Kukushkin,0.0018369369112294634
Bobby Reynolds,0.0016903335592943296
Alexander Kudryavtsev,0.0016227948026205136
Jesse Witten,0.0016007802328691808
Sam Warburg,0.0014474858048686464
Ryan Harrison,0.0014292126427773498
Ryler Deheart,0.0013938293935760165
Flavio Cipolla,0.0012246472630088132
Jan Hajek,0.0012088201751326634
Danai Udomchoke,0.0011902225632557546
Gaston Gaudio,0.0011809997228486061
Wayne Odesnik,0.0011479076139219394
Roko Karanusic,0.001106997850578165
Jiri Novak,0.001034630883347088
Jonas Bjorkman,0.0009653167685453034
Peter Luczak,0.0009184876096048687
Louk Sorensen,0.0008142115955734373
Andrei Pavel,0.0008100274671531058
Oscar Hernandez,0.0008057031843007402
Pablo Cuevas,0.0007144717541854737
Alessio Di Mauro,0.0007020476164942039
Justin Gimelstob,0.0006429397522032484
Leonardo Mayer,0.0006380403071519309
Benoit Paire,0.0005392322309600009
Denis Gremelmayr,0.0005076474429444494
Christophe Rochus,0.0005003513895189722
Simon Greul,0.0004301106751577694
Brian Dabul,0.00041996845257495484
Ivan Sergeyev,0.0003994451598055569
Daniele Bracciali,0.00037132350077931614
Marsel Ilhan,0.00036512915986141014
Jesse Levine,0.00036264994016435396
Martin Vassallo Arguello,0.0003601285685152245
Frederic Niemeyer,0.000300498301959808
Ryan Sweeting,0.0002972124447376947
Wayne Arthurs,0.00026799361281726455
Nathan Healey,0.0002610319395370589
Zack Fleishman,0.00022799830173467575
Stephane Robert,0.0001858749647157195
Somdev Devvarman,0.00016310783696698339
Mischa Zverev,0.00016139078935554235
Bjorn Phau,0.00014235484162104827
Ricardo Mello,0.00012224446357771696
Lars Burgsmuller,0.00012098635802689067
Alun Jones,9.858578841987404e-05
Mark Philippoussis,8.609327154870533e-05
Daniel Koellerer,7.46550493830514e-05
Lukas Dlouhy,7.36229676523307e-05
Thiago Alves,7.198127621257912e-05
Guillaume Rufin,6.0553974124987625e-05
Carlos Berlocq,5.885823204747349e-05
Lukas Lacko,4.1503285636228746e-05
Ricardas Berankis,2.8207334747987968e-05
Raemon Sluiter,2.7249869117274463e-05
Alex Kuznetsov,2.3489271709601895e-05
Robin Vik,2.1168533256425238e-05
Steve Darcis,1.9224315495808526e-05
Alberto Martin,1.7763179051868444e-05
George Bastl,8.142790888618711e-06
Brydan Klein,6.1273909151804885e-06
Boris Pashanski,5.7066367819606514e-06
Antonio Veic,4.856179023531065e-06
Dick Norman,4.854979623741726e-06
Bernard Tomic,3.965693233320316e-06
Robert Smeets,1.0613946393413522e-06
Sebastien De Chaunac,8.274744025585626e-07
Potito Starace,6.223609382384742e-07
Kristian Pless,4.216753870174051e-07
Noam Okun,1.4773974767145614e-08
Carsten Ball,8.433953629450717e-17
Rui Machado,6.188990103835452e-17
Adrian Mannarino,5.508758147769999e-17
Dustin Brown,5.508758147769999e-17
Josselin Ouanna,3.326850042581923e-17
Maximo Gonzalez,3.326850042581923e-17
Diego Junqueira,2.8668044623769425e-17
Jiri Vanek,2.4394849373459893e-17
Nicolas Devilder,2.4394849373459893e-17
Rik De Voest,1.972080868646619e-17
Kenneth Carlsen,1.5817050108974033e-17
Jean Christophe Faurel,1.5475242392423406e-17
Jimmy Wang,1.5475242392423406e-17
Federico Luzzi,1.5475242392423406e-17
Austin Krajicek,4.0165456090120424e-18
Paolo Lorenzi,4.0165456090120424e-18
Mathieu Montcourt,4.0165456090120424e-18
Matthew Ebden,4.0165456090120424e-18
Bjorn Rehnquist,4.0165456090120424e-18
Philip Bester,4.0165456090120424e-18
Michael Lammer,4.0165456090120424e-18
Pere Riba,4.0165456090120424e-18
Michael Mcclune,4.0165456090120424e-18
Pavel Snobel,4.0165456090120424e-18
Pablo Andujar,4.0165456090120424e-18
Milos Raonic,4.0165456090120424e-18
Michael Yani,4.0165456090120424e-18
Andrea Stoppini,4.0165456090120424e-18
Olivier Patience,4.0165456090120424e-18
Oliver Marach,4.0165456090120424e-18
Pierre Ludovic Duclos,4.0165456090120424e-18
Andreas Haider Maurer,4.0165456090120424e-18
Michal Przysiezny,4.0165456090120424e-18
Nick Lindahl,4.0165456090120424e-18
Phillip Simmonds,4.0165456090120424e-18
Gorka Fraile,4.0165456090120424e-18
Rajeev Ram,4.0165456090120424e-18
Stephane Bohli,4.0165456090120424e-18
Woong Sun Jun,4.0165456090120424e-18
Werner Eschauer,4.0165456090120424e-18
Vincent Millot,4.0165456090120424e-18
Victor Estrella,4.0165456090120424e-18
Victor Crivoi,4.0165456090120424e-18
Tomas Zib,4.0165456090120424e-18
Tomas Behrend,4.0165456090120424e-18
Tobias Kamke,4.0165456090120424e-18
Tim Smyczek,4.0165456090120424e-18
Thierry Ascione,4.0165456090120424e-18
Aisam Ul Haq Qureshi,4.0165456090120424e-18
Ramon Delgado,4.0165456090120424e-18
Sergio Roitman,4.0165456090120424e-18
Alan Mackin,4.0165456090120424e-18
Scoville Jenkins,4.0165456090120424e-18
Santiago Ventura,4.0165456090120424e-18
Sam Groth,4.0165456090120424e-18
Ruben Ramirez Hidalgo,4.0165456090120424e-18
Alexander Waske,4.0165456090120424e-18
Ricardo Hocevar,4.0165456090120424e-18
Razvan Sabau,4.0165456090120424e-18
Martin Slanar,4.0165456090120424e-18
Martin Verkerk,4.0165456090120424e-18
Mariano Zabaleta,4.0165456090120424e-18
Martin Klizan,4.0165456090120424e-18
Daniel Brands,4.0165456090120424e-18
Jean Rene Lisnard,4.0165456090120424e-18
Jason Kubler,4.0165456090120424e-18
Daniel Nestor,4.0165456090120424e-18
Jan Minar,4.0165456090120424e-18
Devin Britton,4.0165456090120424e-18
Jamie Baker,4.0165456090120424e-18
Jacob Adaktusson,4.0165456090120424e-18
Jack Sock,4.0165456090120424e-18
Diego Hartfield,4.0165456090120424e-18
Dieter Kindlmann,4.0165456090120424e-18
Dominik Meffert,4.0165456090120424e-18
Dusan Lojda,4.0165456090120424e-18
Edouard Roger Vasselin,4.0165456090120424e-18
Edouard Roger-Vasselin,4.0165456090120424e-18
Fernando Vicente,4.0165456090120424e-18
Harel Levy,4.0165456090120424e-18
Filip Krajinovic,4.0165456090120424e-18
Gustavo Kuerten,4.0165456090120424e-18
Flavio Saretta,4.0165456090120424e-18
Giovanni Lapentti,4.0165456090120424e-18
Grega Zemlja,4.0165456090120424e-18
Jeff Morrison,4.0165456090120424e-18
Cyril Saulnier,4.0165456090120424e-18
Marinko Matosevic,4.0165456090120424e-18
Colin Ebelthite,4.0165456090120424e-18
Blaz Kavcic,4.0165456090120424e-18
Go Soeda,4.0165456090120424e-18
Bradley Klahn,4.0165456090120424e-18
Marcos Daniel,4.0165456090120424e-18
Marc Kimmich,4.0165456090120424e-18
Lukas Rosol,4.0165456090120424e-18
Brendan Evans,4.0165456090120424e-18
Brian Wilson,4.0165456090120424e-18
Bruno Agostinelli,4.0165456090120424e-18
Bruno Echagaray,4.0165456090120424e-18
Laurent Recouderc,4.0165456090120424e-18
Chase Buchanan,4.0165456090120424e-18
Lamine Ouahab,4.0165456090120424e-18
Konstantinos Economidis,4.0165456090120424e-18
Karol Beck,4.0165456090120424e-18
Julio Silva,4.0165456090120424e-18
Juan Pablo Guzman,4.0165456090120424e-18
Juan Pablo Brzezicki,4.0165456090120424e-18
Juan Antonio Marin,4.0165456090120424e-18
Josh Goodall,4.0165456090120424e-18
Joseph Sirianni,4.0165456090120424e-18
Yuki Bhambri,4.0165456090120424e-18
