intervention,tier,by,stratum,n_matches,candidate_ll,baseline_ll,delta,ci_low,ci_high,wins,significant
1_vs_none,0_no_bscore,degree_stratum,0-5 (cold),615,0.5668383449296905,0.6931471768724075,-0.12630883194271697,-0.1299584255260523,-0.12265923835938163,5/5,*
1_vs_none,0_no_bscore,degree_stratum,6-20,1081,0.6202544050792955,0.6931471754674089,-0.07289277038811331,-0.07494675440240195,-0.07083878637382468,5/5,*
1_vs_none,0_no_bscore,degree_stratum,21+,2074,0.6209020073029987,0.693147177696537,-0.07224517039353831,-0.07770425187837698,-0.06678608890869964,5/5,*
1_vs_none,0_no_bscore,two_hop_only,False,1561,0.6074379723737761,0.6931471800799326,-0.08570920770615652,-0.08808926928937631,-0.08332914612293672,5/5,*
1_vs_none,0_no_bscore,two_hop_only,True,2209,0.615047841690101,0.6931471746920067,-0.07809933300190564,-0.08189045280481505,-0.07430821319899622,5/5,*
1_vs_none,0_no_bscore,common_stratum,0,419,0.6056307242116735,0.6931471791340809,-0.08751645492240726,-0.0914283252640293,-0.08360458458078521,5/5,*
1_vs_none,0_no_bscore,common_stratum,1-4,842,0.6029090986497361,0.6931471765731534,-0.09023807792341723,-0.09151273688594919,-0.08896341896088528,5/5,*
1_vs_none,0_no_bscore,common_stratum,5-14,1233,0.6263458579085248,0.6931471743930799,-0.06680131648455509,-0.07051118910801026,-0.06309144386109992,5/5,*
1_vs_none,0_no_bscore,common_stratum,15+,1276,0.6059233384482112,0.6931471788722374,-0.08722384042402627,-0.09354854186026085,-0.08089913898779169,5/5,*
1_vs_none,0_no_bscore,h2h_stratum,no prior meeting,2621,0.613183330484987,0.6931471754370011,-0.07996384495201421,-0.08266676223259768,-0.07726092767143074,5/5,*
1_vs_none,0_no_bscore,h2h_stratum,1 prior meeting,737,0.6235818653981702,0.6931471796668789,-0.06956531426870875,-0.0727872463919436,-0.0663433821454739,5/5,*
1_vs_none,0_no_bscore,h2h_stratum,2+ prior meetings,412,0.58281071157596,0.6931471814673491,-0.1103364698913891,-0.1177254832452781,-0.10294745653750009,5/5,*
1_vs_none,1_bscore,degree_stratum,0-5 (cold),615,0.567536362026601,0.6170945226776914,-0.04955816065109029,-0.05137939212389042,-0.04773692917829016,5/5,*
1_vs_none,1_bscore,degree_stratum,6-20,1081,0.620305442903286,0.624068317853596,-0.003762874950309955,-0.005741888947703013,-0.0017838609529168973,5/5,*
1_vs_none,1_bscore,degree_stratum,21+,2074,0.6177579328830288,0.6268695779818084,-0.009111645098779512,-0.014423472908959487,-0.003799817288599537,5/5,*
1_vs_none,1_bscore,two_hop_only,False,1561,0.6049346216058523,0.6271326067479848,-0.022197985142132427,-0.023843418131663074,-0.02055255215260178,5/5,*
1_vs_none,1_bscore,two_hop_only,True,2209,0.6140842258476589,0.6225914389530031,-0.008507213105344311,-0.012901012062856598,-0.004113414147832024,5/5,*
1_vs_none,1_bscore,common_stratum,0,419,0.6067381966332569,0.6478931506823812,-0.04115495404912427,-0.04333557445534885,-0.038974333642899685,5/5,*
1_vs_none,1_bscore,common_stratum,1-4,842,0.6033945111919563,0.6254876924706605,-0.022093181278704167,-0.023792086373071487,-0.020394276184336847,5/5,*
1_vs_none,1_bscore,common_stratum,5-14,1233,0.6250670996592234,0.62468501522401,0.0003820844352133071,-0.003960011526026225,0.004724180396452838,2/5,
1_vs_none,1_bscore,common_stratum,15+,1276,0.6017443436766688,0.6159043862173744,-0.014160042540705584,-0.019322000349345496,-0.008998084732065672,5/5,*
1_vs_none,1_bscore,h2h_stratum,no prior meeting,2621,0.6125620528322387,0.6264927205339335,-0.01393066770169471,-0.017360495998220114,-0.010500839405169306,5/5,*
1_vs_none,1_bscore,h2h_stratum,1 prior meeting,737,0.6202181605145863,0.6301573555710153,-0.009939195056428976,-0.012613779499420056,-0.007264610613437895,5/5,*
1_vs_none,1_bscore,h2h_stratum,2+ prior meetings,412,0.5781288214846259,0.6014444082658013,-0.023315586781175502,-0.028111299340494805,-0.0185198742218562,5/5,*
1_vs_none,2_history_nodes,degree_stratum,0-5 (cold),615,0.5676388391779239,0.5649931932025928,0.0026456459753312067,-0.00032079916716335356,0.005612091117825767,1/5,
1_vs_none,2_history_nodes,degree_stratum,6-20,1081,0.6128216426505024,0.6023209680436608,0.010500674606841814,0.00729447668710488,0.013706872526578748,0/5,*
1_vs_none,2_history_nodes,degree_stratum,21+,2074,0.6079592729716653,0.6017000963717821,0.006259176599883273,0.005112529664822516,0.007405823534944031,0/5,*
1_vs_none,2_history_nodes,two_hop_only,False,1561,0.6007565358441027,0.5931834535210445,0.00757308232305824,0.00587835299503557,0.00926781165108091,0/5,*
1_vs_none,2_history_nodes,two_hop_only,True,2209,0.6042031061521984,0.5978028108662369,0.006400295285961382,0.004169372593799721,0.008631217978123041,0/5,*
1_vs_none,2_history_nodes,common_stratum,0,419,0.6050923036137305,0.6034438559497111,0.0016484476640193917,-0.0017853645837922485,0.005082259911831032,1/5,
1_vs_none,2_history_nodes,common_stratum,1-4,842,0.600076053083824,0.5904969905521507,0.009579062531673411,0.007323763078800923,0.0118343619845459,0/5,*
1_vs_none,2_history_nodes,common_stratum,5-14,1233,0.613820803120358,0.6112463644350499,0.0025744386853081723,0.00037130028961328537,0.004777577081003059,0/5,*
1_vs_none,2_history_nodes,common_stratum,15+,1276,0.5931244919942916,0.582129757926028,0.010994734068263706,0.0096148255532298,0.012374642583297613,0/5,*
1_vs_none,2_history_nodes,h2h_stratum,no prior meeting,2621,0.6042744070868021,0.5986017804585632,0.005672626628238997,0.0036010276918478886,0.007744225564630106,0/5,*
1_vs_none,2_history_nodes,h2h_stratum,1 prior meeting,737,0.6142410179927364,0.6078882331857784,0.006352784806957933,0.0016855185463665818,0.011020051067549285,0/5,*
1_vs_none,2_history_nodes,h2h_stratum,2+ prior meetings,412,0.5727348609410083,0.5571769070632409,0.01555795387776747,0.011972954758631495,0.019142952996903443,0/5,*
1_vs_none,3_history_decoder,degree_stratum,0-5 (cold),615,0.5693099261370167,0.5747879865815407,-0.005478060444523892,-0.008165145949570818,-0.002790974939476967,5/5,*
1_vs_none,3_history_decoder,degree_stratum,6-20,1081,0.5983093194385534,0.597314999187722,0.00099432025083132,-0.0012010078304410354,0.0031896483321036755,1/5,
1_vs_none,3_history_decoder,degree_stratum,21+,2074,0.6008874615594557,0.599738263813919,0.0011491977455366368,-0.0003253936746275305,0.0026237891657008043,0/5,
1_vs_none,3_history_decoder,two_hop_only,False,1561,0.5942536659866327,0.5959273439447508,-0.0016736779581181132,-0.0020340508187215835,-0.001313305097514643,5/5,*
1_vs_none,3_history_decoder,two_hop_only,True,2209,0.5955222279567763,0.594299095120818,0.0012231328359582723,-0.0008437689720228502,0.0032900346439393947,1/5,
1_vs_none,3_history_decoder,common_stratum,0,419,0.6062858980039658,0.6121663768523341,-0.005880478848368317,-0.0075915589236042556,-0.004169398773132379,5/5,*
1_vs_none,3_history_decoder,common_stratum,1-4,842,0.5883381559196689,0.5894239461238305,-0.0010857902041614864,-0.0037528418717285737,0.0015812614634056008,3/5,
1_vs_none,3_history_decoder,common_stratum,5-14,1233,0.6082275035035944,0.6077358448694271,0.0004916586341673799,-0.0011386618575078586,0.0021219791258426184,2/5,
1_vs_none,3_history_decoder,common_stratum,15+,1276,0.582899328991926,0.5806569857039546,0.0022423432879712895,0.0012954344018573107,0.0031892521740852684,0/5,*
1_vs_none,3_history_decoder,h2h_stratum,no prior meeting,2621,0.5971556161693659,0.5970934893282682,6.212684109765148e-05,-0.001790023566060402,0.0019142772482557049,2/5,
1_vs_none,3_history_decoder,h2h_stratum,1 prior meeting,737,0.605445595854999,0.6076269875937216,-0.0021813917387225067,-0.0034298875518643536,-0.0009328959255806599,5/5,*
1_vs_none,3_history_decoder,h2h_stratum,2+ prior meetings,412,0.5625735437781798,0.5588499020234929,0.003723641754686873,0.002177002917259239,0.005270280592114507,0/5,*
2_vs_1,0_no_bscore,degree_stratum,0-5 (cold),615,0.5713059652505604,0.5668383449296905,0.004467620320869879,-0.002298309957476095,0.011233550599215852,1/5,
2_vs_1,0_no_bscore,degree_stratum,6-20,1081,0.6137273827044875,0.6202544050792955,-0.006527022374808099,-0.009538863978029374,-0.003515180771586823,5/5,*
2_vs_1,0_no_bscore,degree_stratum,21+,2074,0.6074238604954143,0.6209020073029987,-0.013478146807584362,-0.019263429684577803,-0.007692863930590922,5/5,*
2_vs_1,0_no_bscore,two_hop_only,False,1561,0.6046659428298392,0.6074379723737761,-0.0027720295439367807,-0.005181210337749542,-0.00036284875012401914,4/5,*
2_vs_1,0_no_bscore,two_hop_only,True,2209,0.6024020005625875,0.615047841690101,-0.01264584112751346,-0.015802167958252202,-0.009489514296774717,5/5,*
2_vs_1,0_no_bscore,common_stratum,0,419,0.6107796162589462,0.6056307242116735,0.00514889204727265,-5.729450516931984e-05,0.010355078599714618,1/5,
2_vs_1,0_no_bscore,common_stratum,1-4,842,0.5994109063744218,0.6029090986497361,-0.0034981922753141103,-0.008440740798296422,0.0014443562476682023,4/5,
2_vs_1,0_no_bscore,common_stratum,5-14,1233,0.6167413745484289,0.6263458579085248,-0.009604483360095856,-0.011484540543530541,-0.007724426176661171,5/5,*
2_vs_1,0_no_bscore,common_stratum,15+,1276,0.5905382435753609,0.6059233384482112,-0.015385094872850402,-0.02299794544182029,-0.007772244303880511,5/5,*
2_vs_1,0_no_bscore,h2h_stratum,no prior meeting,2621,0.6036583520409369,0.613183330484987,-0.009524978444050048,-0.01226323591272729,-0.006786720975372807,5/5,*
2_vs_1,0_no_bscore,h2h_stratum,1 prior meeting,737,0.6202449862327297,0.6235818653981702,-0.003336879165440315,-0.006625851281520765,-4.790704935986453e-05,4/5,*
2_vs_1,0_no_bscore,h2h_stratum,2+ prior meetings,412,0.5710690787556254,0.58281071157596,-0.011741632820334611,-0.021530857590403955,-0.0019524080502652669,5/5,*
2_vs_1,1_bscore,degree_stratum,0-5 (cold),615,0.571501734447654,0.567536362026601,0.003965372421052874,-0.0013072332189456312,0.00923797806105138,0/5,
2_vs_1,1_bscore,degree_stratum,6-20,1081,0.6115867404461566,0.620305442903286,-0.008718702457129482,-0.0106035532431891,-0.006833851671069863,5/5,*
2_vs_1,1_bscore,degree_stratum,21+,2074,0.6064111307009477,0.6177579328830288,-0.011346802182081159,-0.01850133878566156,-0.004192265578500758,5/5,*
2_vs_1,1_bscore,two_hop_only,False,1561,0.6035653323284524,0.6049346216058523,-0.0013692892773998872,-0.004613181601523339,0.0018746030467235648,4/5,
2_vs_1,1_bscore,two_hop_only,True,2209,0.6012358689074937,0.6140842258476589,-0.012848356940165031,-0.016953933336789066,-0.008742780543540997,5/5,*
2_vs_1,1_bscore,common_stratum,0,419,0.6119277694709075,0.6067381966332569,0.005189572837650754,0.0007484077460586094,0.009630737929242898,0/5,*
2_vs_1,1_bscore,common_stratum,1-4,842,0.5980520862126534,0.6033945111919563,-0.005342424979302902,-0.008258662250194723,-0.002426187708411081,5/5,*
2_vs_1,1_bscore,common_stratum,5-14,1233,0.6148601736630981,0.6250670996592234,-0.010206925996125183,-0.01379048352738261,-0.006623368464867755,5/5,*
2_vs_1,1_bscore,common_stratum,15+,1276,0.5895104483192817,0.6017443436766688,-0.012233895357387184,-0.02032807952328034,-0.004139711191494026,5/5,*
2_vs_1,1_bscore,h2h_stratum,no prior meeting,2621,0.6028732392459895,0.6125620528322387,-0.009688813586249317,-0.012870936856598313,-0.006506690315900322,5/5,*
2_vs_1,1_bscore,h2h_stratum,1 prior meeting,737,0.6179753834673217,0.6202181605145863,-0.0022427770472646406,-0.0071150823086039185,0.0026295282140746373,3/5,
2_vs_1,1_bscore,h2h_stratum,2+ prior meetings,412,0.569701214811198,0.5781288214846259,-0.008427606673427849,-0.015823617882096505,-0.0010315954647591918,4/5,*
2_vs_1,2_history_nodes,degree_stratum,0-5 (cold),615,0.5755767515663421,0.5676388391779239,0.007937912388418225,-0.0010524114421132085,0.016928236218949656,1/5,
2_vs_1,2_history_nodes,degree_stratum,6-20,1081,0.6189633479075642,0.6128216426505024,0.006141705257061781,0.002472459834437414,0.009810950679686146,0/5,*
2_vs_1,2_history_nodes,degree_stratum,21+,2074,0.6132048639715916,0.6079592729716653,0.005245590999926172,0.0025485816884041955,0.007942600311448148,0/5,*
2_vs_1,2_history_nodes,two_hop_only,False,1561,0.6122901004303549,0.6007565358441027,0.011533564586252164,0.006247574998768632,0.016819554173735696,0/5,*
2_vs_1,2_history_nodes,two_hop_only,True,2209,0.606193355548517,0.6042031061521984,0.001990249396318806,-0.0019551250026933896,0.005935623795331002,1/5,
2_vs_1,2_history_nodes,common_stratum,0,419,0.6184042013750239,0.6050923036137305,0.013311897761293467,0.001425953595140611,0.025197841927446323,0/5,*
2_vs_1,2_history_nodes,common_stratum,1-4,842,0.6017979403364464,0.600076053083824,0.0017218872526223675,-0.002119999935427864,0.0055637744406726,2/5,
2_vs_1,2_history_nodes,common_stratum,5-14,1233,0.6219408634913485,0.613820803120358,0.008120060370990449,0.005277162144684315,0.010962958597296582,0/5,*
2_vs_1,2_history_nodes,common_stratum,15+,1276,0.5973257510612875,0.5931244919942916,0.004201259066995809,0.00044146452253308703,0.00796105361145853,0/5,*
2_vs_1,2_history_nodes,h2h_stratum,no prior meeting,2621,0.6080780148197702,0.6042744070868021,0.0038036077329680965,0.0002085752310990326,0.00739864023483716,0/5,*
2_vs_1,2_history_nodes,h2h_stratum,1 prior meeting,737,0.6272636528235472,0.6142410179927364,0.013022634830810832,0.008128200111547277,0.017917069550074386,0/5,*
2_vs_1,2_history_nodes,h2h_stratum,2+ prior meetings,412,0.5796120878759377,0.5727348609410083,0.006877226934929394,0.0032683132069551307,0.010486140662903657,0/5,*
2_vs_1,3_history_decoder,degree_stratum,0-5 (cold),615,0.5710377986342778,0.5693099261370167,0.0017278724972611113,-0.003997743973819497,0.007453488968341719,2/5,
2_vs_1,3_history_decoder,degree_stratum,6-20,1081,0.6045974762902424,0.5983093194385534,0.006288156851689017,0.003760964046474523,0.00881534965690351,0/5,*
2_vs_1,3_history_decoder,degree_stratum,21+,2074,0.6052638107392562,0.6008874615594557,0.004376349179800481,0.0020926869933077822,0.006660011366293179,0/5,*
2_vs_1,3_history_decoder,two_hop_only,False,1561,0.6008131757136492,0.5942536659866327,0.006559509727016526,0.0033927690486787996,0.009726250405354252,0/5,*
2_vs_1,3_history_decoder,two_hop_only,True,2209,0.5985540489877972,0.5955222279567763,0.0030318210310207386,0.0010199298850717999,0.005043712176969677,0/5,*
2_vs_1,3_history_decoder,common_stratum,0,419,0.607877347277593,0.6062858980039658,0.0015914492736272463,-0.003193864991375558,0.006376763538630051,3/5,
2_vs_1,3_history_decoder,common_stratum,1-4,842,0.593572722065104,0.5883381559196689,0.005234566145435106,0.0029240112578934616,0.007545121032976751,0/5,*
2_vs_1,3_history_decoder,common_stratum,5-14,1233,0.6130710495139493,0.6082275035035944,0.004843546010354696,0.0026413230560704557,0.0070457689646389364,0/5,*
2_vs_1,3_history_decoder,common_stratum,15+,1276,0.5875155305362239,0.582899328991926,0.004616201544297876,0.001757588104563391,0.0074748149840323614,0/5,*
2_vs_1,3_history_decoder,h2h_stratum,no prior meeting,2621,0.6000086063473746,0.5971556161693659,0.0028529901780085768,0.0017658904149654734,0.00394008994105168,0/5,*
2_vs_1,3_history_decoder,h2h_stratum,1 prior meeting,737,0.6134995321937597,0.605445595854999,0.008053936338760706,0.0031922123966078913,0.01291566028091352,0/5,*
2_vs_1,3_history_decoder,h2h_stratum,2+ prior meetings,412,0.5711251190285938,0.5625735437781798,0.008551575250413808,0.003699082760635829,0.013404067740191788,0/5,*
