learning_rate,max_iter,max_leaf_nodes,min_samples_leaf,l2_regularization,n_matches,accuracy,log_loss,brier
0.03,150,15,50,0.0,5325,0.655962441314554,0.6195087905622397,0.21516640635022688
0.03,150,15,20,0.0,5325,0.6553990610328638,0.6198588728959749,0.21535718720039576
0.03,150,15,50,1.0,5325,0.6570892018779343,0.6198931139031072,0.215322064974111
0.03,150,15,20,1.0,5325,0.6565258215962442,0.6199010416153176,0.2153164176166708
0.03,300,15,50,0.0,5325,0.6563380281690141,0.6217649812512017,0.21572025725966376
0.03,150,31,20,1.0,5325,0.6499530516431925,0.6217690589175787,0.2160733452078366
0.03,300,15,50,1.0,5325,0.6569014084507042,0.6220999886866494,0.2158162993153502
0.03,150,31,20,0.0,5325,0.6499530516431925,0.622139033901091,0.2161876147774657
0.03,150,31,50,0.0,5325,0.6508920187793428,0.6222028045553496,0.21612975304715018
0.03,150,31,50,1.0,5325,0.6542723004694836,0.6223267347507243,0.21619086026832063
0.06,150,15,50,1.0,5325,0.6569014084507042,0.6224099065903244,0.21592273052350458
0.03,300,15,20,0.0,5325,0.6544600938967137,0.6224314864628037,0.21615179709533286
0.03,300,15,20,1.0,5325,0.6563380281690141,0.6224558494074747,0.21604514720170986
0.06,150,15,20,0.0,5325,0.6499530516431925,0.622468693617618,0.21609501121044492
0.06,150,15,50,0.0,5325,0.6537089201877935,0.6227417582221397,0.21609252231992906
0.06,150,15,20,1.0,5325,0.6501408450704226,0.623774018145497,0.21669893832901396
0.06,300,15,50,1.0,5325,0.660281690140845,0.6245280304224248,0.21642390623079755
0.06,150,31,20,0.0,5325,0.652018779342723,0.6256274363174997,0.2170198794547933
0.06,300,15,50,0.0,5325,0.6507042253521127,0.6256497952085648,0.21695718407798625
0.06,150,31,50,0.0,5325,0.652394366197183,0.6259997009923688,0.21706106317008378
0.06,300,15,20,0.0,5325,0.6516431924882629,0.6260868090084136,0.21732906959889053
0.03,300,31,20,0.0,5325,0.6516431924882629,0.6263772561799171,0.21748445732873117
0.03,300,31,20,1.0,5325,0.6548356807511737,0.6264488751879629,0.21753099088270825
0.03,300,31,50,1.0,5325,0.6546478873239436,0.6265391204126267,0.21730332134908098
0.06,300,15,20,1.0,5325,0.6527699530516432,0.6271643499067181,0.2176424144802384
0.06,150,31,20,1.0,5325,0.6522065727699531,0.6272462715485676,0.21771290338525826
0.06,150,31,50,1.0,5325,0.6499530516431925,0.6274472695586965,0.21782265361829897
0.03,300,31,50,0.0,5325,0.6565258215962442,0.6276420948271572,0.21764926638562265
0.06,300,31,20,0.0,5325,0.6550234741784038,0.6316067631171247,0.21865912847382266
0.06,300,31,50,0.0,5325,0.6542723004694836,0.6339012673008181,0.21960893637482312
0.06,300,31,20,1.0,5325,0.6516431924882629,0.6339729104904872,0.21967883679963685
0.06,300,31,50,1.0,5325,0.6446948356807511,0.6344350777698321,0.22012018459008256
