hidden_dim,dropout,learning_rate,weight_decay,steps_per_block,replay_buffer_size,replay_batch_size,passes,grad_clip,calibrate,seed,init_seed,steps,temperature,val_accuracy,val_log_loss,val_brier,val_log_loss_calibrated,val_brier_calibrated,seconds
32,0.3,0.0003,0.0001,4,200,32.0,1,,False,42,,1344,1.0497947931289673,0.7153488372093023,0.5455108874738435,0.18337115029522474,0.5452575308543989,0.183358476298502,84.29695916175842
32,0.3,0.0003,0.0001,4,200,32.0,2,,False,42,,2688,1.1164275407791138,0.7144186046511628,0.5477301383149039,0.18435603340947265,0.5464992170015562,0.18424075142500262,170.14823698997498
32,0.3,0.0001,0.0001,8,200,32.0,1,,False,42,,2688,1.0454415082931519,0.7144186046511628,0.5477484510917814,0.18461415972020503,0.5475384532125604,0.18459020197513287,167.41609120368958
32,0.3,0.0001,0.0001,4,200,32.0,1,,False,42,,1344,1.059429407119751,0.7172093023255814,0.5480877296707253,0.1843166545216096,0.5477301527654134,0.18427681870723672,85.58796882629395
32,0.3,0.0001,0.0001,4,200,32.0,3,,False,42,,4032,1.0000358819961548,0.7116279069767442,0.5477794890014205,0.18448283610093336,0.5477794826246095,0.18448289995372033,251.57509231567383
32,0.3,0.0001,0.0001,4,200,32.0,2,,False,42,,2688,1.0656344890594482,0.718139534883721,0.5492358307067822,0.1848165711462469,0.5488183515746243,0.18480990103923725,168.78800511360168
32,0.3,0.0001,0.0001,2,200,,1,,False,42,,672,1.0220879316329956,0.7106976744186047,0.5508643416777039,0.18578458739190462,0.5508113368009245,0.1857683800714378,212.7025179862976
32,0.3,0.0003,0.0001,4,200,32.0,3,,False,42,,4032,1.0649298429489136,0.706046511627907,0.5516886456900787,0.18633483283929686,0.551299923332542,0.18632835879687576,251.37883186340332
32,0.3,0.0003,0.0001,2,200,,1,,False,42,,672,1.1985961198806763,0.7023255813953488,0.560254420943836,0.18954788222553065,0.5567934493672451,0.18865760404914925,208.7390661239624
32,0.5,0.0003,0.0001,8,200,32.0,1,,False,42,,2688,1.16513192653656,0.7116279069767442,0.5632121033477904,0.18893976154280023,0.561046455837645,0.18923830786058984,165.92694401741028
32,0.3,0.0001,0.0001,16,200,32.0,1,,False,42,,5376,1.323103427886963,0.6976744186046512,0.5719666403081337,0.19326943870063074,0.5637092894856208,0.1914695787031871,332.78374004364014
64,0.5,0.0003,0.0001,8,200,32.0,1,,False,42,,2688,1.2992658615112305,0.7051162790697675,0.57094006885008,0.1916141725086838,0.5642994999566472,0.19110826829069538,325.42881774902344
32,0.3,0.001,0.0001,4,200,32.0,1,,False,42,,1344,1.3960375785827637,0.7116279069767442,0.5803715380427896,0.1940583063999449,0.5688177742496184,0.19252438724812995,82.65328574180603
32,0.3,0.001,0.0001,2,200,,1,,False,42,,672,1.5241892337799072,0.7134883720930233,0.5908773216938349,0.19488352913002072,0.5733223646379442,0.19372720467896914,205.01043891906738
32,0.1,0.0003,0.0001,8,200,32.0,1,,False,42,,2688,1.7132277488708496,0.7106976744186047,0.6142804550392562,0.20340165927834652,0.5803994319614605,0.19751500719586634,165.64072179794312
64,0.3,0.0003,0.0001,8,200,32.0,1,,False,42,,2688,1.947103500366211,0.6883720930232559,0.6341355653030253,0.20676546097800272,0.5852964668577378,0.20034197059594003,320.8935067653656
32,0.3,0.0003,0.0001,16,200,32.0,1,,False,42,,5376,1.996079921722412,0.6967441860465117,0.6432844598370179,0.2082787776794982,0.5900266928549914,0.2013239505210013,334.0013732910156
32,0.3,0.001,0.0001,8,200,32.0,1,,False,42,,2688,2.2156734466552734,0.7023255813953488,0.660957750268847,0.21121351881123476,0.5927650418840744,0.2033712651868793,165.36180686950684
32,0.3,0.0003,0.0001,8,200,32.0,1,,False,42,,2688,1.5609320402145386,0.7088372093023256,0.6120163033318253,0.19773641993026442,0.5943783929283029,0.19941011697183667,166.64681386947632
64,0.1,0.0003,0.0001,8,200,32.0,1,,False,42,,2688,2.280482053756714,0.6790697674418604,0.6776475496654681,0.21950034604307178,0.5998006703659715,0.206316984524998,323.7849061489105
32,0.3,0.001,0.0001,16,200,32.0,1,,False,42,,5376,3.233248233795166,0.6920930232558139,0.759475882827025,0.22200757609095623,0.6059770992727066,0.2079152495346277,330.97576808929443
