experiment,seed,scale,test_log_loss,test_brier,test_accuracy
bscore_only,42,8.823384287524085,0.6244518511073122,0.21635408803899916,0.6477453580901856
bscore_only,123,8.823384287524085,0.6244518511073122,0.21635408803899916,0.6472148541114059
bscore_only,456,8.823384287524085,0.6244518511073122,0.21635408803899916,0.6405835543766578
bscore_only,789,8.823384287524085,0.6244518511073123,0.21635408803899916,0.6453580901856764
bscore_only,2026,8.823384287524085,0.6244518511073122,0.21635408803899916,0.6461538461538462
bscore_only_log,42,0.258724302445487,0.661993286161269,0.2249786987557519,0.6477453580901856
bscore_only_log,123,0.258724302445487,0.661993286161269,0.2249786987557519,0.6472148541114059
bscore_only_log,456,0.258724302445487,0.661993286161269,0.2249786987557519,0.6405835543766578
bscore_only_log,789,0.258724302445487,0.661993286161269,0.2249786987557519,0.6453580901856764
bscore_only_log,2026,0.258724302445487,0.661993286161269,0.2249786987557519,0.6461538461538462
bscore_surface_only,42,8.466883912270587,0.6251402926355413,0.21667445000972624,0.6490716180371353
bscore_surface_only,123,8.466883912270587,0.6251402926355413,0.21667445000972624,0.6496021220159152
bscore_surface_only,456,8.466883912270587,0.6251402926355413,0.21667445000972624,0.6421750663129974
bscore_surface_only,789,8.466883912270587,0.6251402926355413,0.21667445000972624,0.6480106100795756
bscore_surface_only,2026,8.466883912270587,0.6251402926355413,0.21667445000972624,0.6490716180371353
bscore_surface_only_log,42,0.17604966159385338,0.6679139627905442,0.23061584818527603,0.6482758620689655
bscore_surface_only_log,123,0.17604966159385338,0.6679139627905442,0.23061584818527603,0.6485411140583555
bscore_surface_only_log,456,0.17604966159385338,0.6679139627905442,0.23061584818527603,0.6419098143236074
bscore_surface_only_log,789,0.17604966159385338,0.6679139627905442,0.23061584818527603,0.6472148541114059
bscore_surface_only_log,2026,0.17604966159385338,0.6679139627905442,0.23061584818527603,0.6482758620689655
elo_baseline,42,0.005454710854346386,0.6075386932617911,0.21019659613041564,0.6639257294429708
elo_baseline,123,0.005454710854346386,0.6075386932617911,0.21019659613041564,0.6633952254641909
elo_baseline,456,0.005454710854346386,0.6075386932617911,0.21019659613041564,0.6633952254641909
elo_baseline,789,0.005454710854346386,0.6075386932617911,0.21019659613041564,0.6636604774535809
elo_baseline,2026,0.005454710854346386,0.6075386932617911,0.21019659613041564,0.6633952254641909
