experiment,seed,temperature,val_n_matches,val_accuracy,val_log_loss,val_brier,test_n_matches,test_accuracy,test_log_loss,test_brier,arm
cond_history_decoder,42,0.8002618551254272,2142,0.719421101774043,0.5419094129035235,0.18353630639047055,6995,0.6997855611150822,0.5690216931475476,0.19370974091816043,history_decoder
cond_history_decoder,123,0.9440183639526367,2142,0.7212885154061625,0.5444303531379534,0.18449226992126552,6995,0.7009292351679771,0.570047348130659,0.19422441700679804,history_decoder
cond_history_decoder,456,0.8998501896858215,2142,0.7142857142857143,0.5435416038523797,0.18404713723192875,6995,0.6980700500357399,0.5698878078948054,0.19434072382168685,history_decoder
cond_history_decoder,789,0.8493037819862366,2142,0.7170868347338936,0.5452326893093812,0.1846881265811838,6995,0.7035025017869907,0.57033492446019,0.19426875192280604,history_decoder
cond_history_decoder,2026,1.0569851398468018,2142,0.7105508870214753,0.5545405591965831,0.1882725198618014,6995,0.6966404574696211,0.5733352584655591,0.19567726636356433,history_decoder
cond_history_nodes,42,0.8515337109565735,2142,0.7147525676937442,0.5490134623153146,0.1860257904125557,6995,0.6976411722659042,0.57052104410198,0.19446489815442675,history_nodes
cond_history_nodes,123,0.9401099681854248,2142,0.715219421101774,0.5508612575059197,0.18660831766153102,6995,0.6887776983559686,0.5728913257813658,0.19524644481862352,history_nodes
cond_history_nodes,456,0.9652383327484131,2142,0.7086834733893558,0.5553560862076391,0.188069023793769,6995,0.6973552537526805,0.5763095406899544,0.19657870883617584,history_nodes
cond_history_nodes,789,0.9497359395027161,2142,0.7105508870214753,0.5520373873066574,0.18681941995033818,6995,0.6970693352394568,0.5730624787023398,0.1953524278838441,history_nodes
cond_history_nodes,2026,0.9296267032623291,2142,0.7142857142857143,0.5512782654401559,0.18724066532453587,6995,0.696783416726233,0.571948788606174,0.19486953763817155,history_nodes
cond_history_decoder_nomp,42,0.8446477055549622,2142,0.7156862745098039,0.5422538309229646,0.18369321084585946,6995,0.7013581129378127,0.5700072917341338,0.194458781095041,history_decoder_nomp
cond_history_decoder_nomp,123,0.8545372486114502,2142,0.7170868347338936,0.542145696223072,0.18367210902916745,6995,0.7003573981415296,0.570471759450277,0.19464869146990219,history_decoder_nomp
cond_history_decoder_nomp,456,0.8508472442626953,2142,0.7175536881419234,0.5419285916236243,0.1835283511054377,6995,0.7007862759113652,0.5700419985471101,0.19444713587476617,history_decoder_nomp
cond_history_decoder_nomp,789,0.841840922832489,2142,0.7170868347338936,0.5425090864486686,0.1839331474617455,6995,0.7006433166547534,0.5703487612051977,0.19456728516593014,history_decoder_nomp
cond_history_decoder_nomp,2026,0.8672003149986267,2142,0.7147525676937442,0.5414233912377786,0.18330237196953866,6995,0.7003573981415296,0.5701094823884202,0.194417595268816,history_decoder_nomp
