experiment,seed,temperature,val_n_matches,val_accuracy,val_log_loss,val_brier,test_n_matches,test_accuracy,test_log_loss,test_brier,tier,hops
hopgrid_t0_nothing_nonehop,42,1.0,2142,0.5084033613445378,0.6931471805599453,0.25,6995,0.49792709077912795,0.6931471805599453,0.25,t0_nothing,none
hopgrid_t0_nothing_nonehop,123,1.0,2142,0.48599439775910364,0.6931471805599453,0.25,6995,0.49578270192994994,0.6931471805599453,0.25,t0_nothing,none
hopgrid_t0_nothing_nonehop,456,1.0,2142,0.5182072829131653,0.6931471805599453,0.25,6995,0.5047891350964975,0.6931471805599453,0.25,t0_nothing,none
hopgrid_t0_nothing_nonehop,789,1.0,2142,0.4957983193277311,0.6931471805599453,0.25,6995,0.49578270192994994,0.6931471805599453,0.25,t0_nothing,none
hopgrid_t0_nothing_nonehop,2026,1.0,2142,0.5191409897292251,0.6931471805599453,0.25,6995,0.5099356683345246,0.6931471805599453,0.25,t0_nothing,none
hopgrid_t0_nothing_1hop,42,0.8543374538421631,2142,0.7138188608776844,0.5501641789581603,0.18676986022548925,6995,0.6956397426733381,0.5759669690259586,0.19672771792516994,t0_nothing,1
hopgrid_t0_nothing_1hop,123,0.8606069087982178,2142,0.7184873949579832,0.5491761323398332,0.1862952355217945,6995,0.6940671908506075,0.5745234725302677,0.19605213780694505,t0_nothing,1
hopgrid_t0_nothing_1hop,456,0.8764203786849976,2142,0.7142857142857143,0.5509870388720461,0.18718446932503055,6995,0.6949249463902788,0.5757283581485494,0.19650773940325447,t0_nothing,1
hopgrid_t0_nothing_1hop,789,0.7707611322402954,2142,0.7105508870214753,0.553156777870978,0.1881658742759194,6995,0.6899213724088634,0.5789285347426929,0.19785137081204943,t0_nothing,1
hopgrid_t0_nothing_1hop,2026,0.8763507008552551,2142,0.7119514472455649,0.5519637341189547,0.18760206125367193,6995,0.6930664760543245,0.577743492219794,0.19735868368973708,t0_nothing,1
hopgrid_t0_nothing_2hop,42,0.8827433586120605,2142,0.715219421101774,0.5503825653718714,0.1865245789555309,6995,0.6940671908506075,0.5726121246979008,0.19535271204855373,t0_nothing,2
hopgrid_t0_nothing_2hop,123,0.9529641270637512,2142,0.715219421101774,0.5498668795268141,0.1861719655227725,6995,0.6912080057183703,0.5759733472308004,0.1964373011417903,t0_nothing,2
hopgrid_t0_nothing_2hop,456,0.970094621181488,2142,0.7058823529411765,0.5512064630563441,0.18700219461092502,6995,0.69578270192995,0.5726875899542685,0.19544318181862447,t0_nothing,2
hopgrid_t0_nothing_2hop,789,0.9287534356117249,2142,0.7142857142857143,0.5522418695553876,0.18763138410693167,6995,0.6969263759828449,0.5725665455842047,0.1953067469214327,t0_nothing,2
hopgrid_t0_nothing_2hop,2026,0.9282164573669434,2142,0.7072829131652661,0.5540001308626168,0.1882904489788041,6995,0.6960686204431737,0.5746836331280194,0.19624338265313238,t0_nothing,2
hopgrid_t1_bscore_nonehop,42,0.18389488756656647,2142,0.7016806722689075,0.5819690243144114,0.19806566000544437,6995,0.688348820586133,0.6072701649641338,0.2063421757021943,t1_bscore,none
hopgrid_t1_bscore_nonehop,123,0.18419870734214783,2142,0.7012138188608776,0.5819691878153425,0.19807473479557455,6995,0.6884917798427448,0.6072525295479896,0.20634862856282635,t1_bscore,none
hopgrid_t1_bscore_nonehop,456,0.1841745376586914,2142,0.7012138188608776,0.5819693109750051,0.19807950054969556,6995,0.6879199428162973,0.6072433204822443,0.2063520191307617,t1_bscore,none
hopgrid_t1_bscore_nonehop,789,0.18401150405406952,2142,0.7012138188608776,0.5819690878421596,0.19806982220443964,6995,0.688348820586133,0.6072620603937493,0.20634513483240408,t1_bscore,none
hopgrid_t1_bscore_nonehop,2026,0.1834666132926941,2142,0.7007469654528478,0.581969023768742,0.19804316270419445,6995,0.6879199428162973,0.6073144539096721,0.2063261961941706,t1_bscore,none
hopgrid_t1_bscore_1hop,42,0.812058687210083,2142,0.7170868347338936,0.5511604284627805,0.18707282107746803,6995,0.6966404574696211,0.5750369517301482,0.19629773692328462,t1_bscore,1
hopgrid_t1_bscore_1hop,123,0.9079745411872864,2142,0.7175536881419234,0.5488719761340345,0.1860460341286982,6995,0.6954967834167263,0.5736167235785758,0.19560749856867746,t1_bscore,1
hopgrid_t1_bscore_1hop,456,0.8045017123222351,2142,0.7156862745098039,0.5496379299054795,0.1865286115572747,6995,0.6999285203716941,0.5744312438039775,0.19586381959792212,t1_bscore,1
hopgrid_t1_bscore_1hop,789,0.84038245677948,2142,0.7119514472455649,0.5510886069264365,0.18713749409448918,6995,0.6897784131522516,0.5765741241863503,0.19678540327527289,t1_bscore,1
hopgrid_t1_bscore_1hop,2026,0.8588764071464539,2142,0.715219421101774,0.5501676337701923,0.18681826111068006,6995,0.6934953538241602,0.5754393210146002,0.19639363729454218,t1_bscore,1
hopgrid_t1_bscore_2hop,42,0.8785533905029297,2142,0.7138188608776844,0.5493064640376909,0.186198617754895,6995,0.6976411722659042,0.5703304792736558,0.19455901944379178,t1_bscore,2
hopgrid_t1_bscore_2hop,123,0.8462761640548706,2142,0.7203548085901027,0.547361526523144,0.18523123103680092,6995,0.6956397426733381,0.5738363955934379,0.19539088602219606,t1_bscore,2
hopgrid_t1_bscore_2hop,456,0.8725394010543823,2142,0.7184873949579832,0.5492952019471358,0.1863928737870566,6995,0.693638313080772,0.5733870724336033,0.19553965410583093,t1_bscore,2
hopgrid_t1_bscore_2hop,789,0.8873330950737,2142,0.7100840336134454,0.5573910485356877,0.18940372620658807,6995,0.6916368834882058,0.5773121485185606,0.1970298192336084,t1_bscore,2
hopgrid_t1_bscore_2hop,2026,0.9019847512245178,2142,0.7110177404295052,0.5508738701403249,0.18678877893041643,6995,0.6926375982844889,0.5752443169158934,0.19642052877012525,t1_bscore,2
hopgrid_t2_history_nodes_nonehop,42,0.7957191467285156,2142,0.7180205415499533,0.5407509480921028,0.18303651675859045,6995,0.69578270192995,0.5696081570474275,0.19435123998279516,t2_history_nodes,none
hopgrid_t2_history_nodes_nonehop,123,0.7759227752685547,2142,0.7217553688141923,0.5403075283378014,0.18278436631356265,6995,0.6950679056468906,0.5698475085981154,0.19429035886361948,t2_history_nodes,none
hopgrid_t2_history_nodes_nonehop,456,0.8200604915618896,2142,0.7189542483660131,0.5406351996130749,0.18295736411092323,6995,0.6933523945675483,0.5706713569151122,0.19469593081643105,t2_history_nodes,none
hopgrid_t2_history_nodes_nonehop,789,0.8157399892807007,2142,0.7208216619981326,0.5409601324235892,0.18294495296437416,6995,0.692494639027877,0.5705791553347416,0.19436870392702194,t2_history_nodes,none
hopgrid_t2_history_nodes_nonehop,2026,0.9097851514816284,2142,0.7198879551820728,0.5408496475030881,0.18324787290804204,6995,0.6969263759828449,0.5696729668575332,0.19446191290631432,t2_history_nodes,none
hopgrid_t2_history_nodes_1hop,42,0.7523980140686035,2142,0.7236227824463118,0.5488711892687229,0.18594942215560328,6995,0.6986418870621873,0.5722984800336884,0.19514153999381545,t2_history_nodes,1
hopgrid_t2_history_nodes_1hop,123,0.86785888671875,2142,0.719421101774043,0.5493974197494808,0.1864171366435543,6995,0.6987848463187991,0.5726190654933504,0.19518185831452473,t2_history_nodes,1
hopgrid_t2_history_nodes_1hop,456,0.8692868947982788,2142,0.723155929038282,0.5481407559884948,0.18568013084294926,6995,0.6977841315225161,0.5714419509809477,0.19484914479274584,t2_history_nodes,1
hopgrid_t2_history_nodes_1hop,789,0.9000048637390137,2142,0.7222222222222222,0.5470853926587068,0.18531148576112844,6995,0.6969263759828449,0.5717197656360519,0.19483897514292176,t2_history_nodes,1
hopgrid_t2_history_nodes_1hop,2026,0.8522747755050659,2142,0.7147525676937442,0.5506369702724927,0.18693442249166503,6995,0.6987848463187991,0.5736667077739425,0.19573869409167152,t2_history_nodes,1
hopgrid_t2_history_nodes_2hop,42,0.8515337109565735,2142,0.7147525676937442,0.5490134623153146,0.1860257904125557,6995,0.6976411722659042,0.57052104410198,0.19446489815442675,t2_history_nodes,2
hopgrid_t2_history_nodes_2hop,123,0.9401099681854248,2142,0.715219421101774,0.5508612575059197,0.18660831766153102,6995,0.6887776983559686,0.5728913257813658,0.19524644481862352,t2_history_nodes,2
hopgrid_t2_history_nodes_2hop,456,0.9652383327484131,2142,0.7086834733893558,0.5553560862076391,0.188069023793769,6995,0.6973552537526805,0.5763095406899544,0.19657870883617584,t2_history_nodes,2
hopgrid_t2_history_nodes_2hop,789,0.9497359395027161,2142,0.7105508870214753,0.5520373873066574,0.18681941995033818,6995,0.6970693352394568,0.5730624787023398,0.1953524278838441,t2_history_nodes,2
hopgrid_t2_history_nodes_2hop,2026,0.9296267032623291,2142,0.7142857142857143,0.5512782654401559,0.18724066532453587,6995,0.696783416726233,0.571948788606174,0.19486953763817155,t2_history_nodes,2
hopgrid_t3_history_decoder_nonehop,42,0.8470764756202698,2142,0.7166199813258637,0.5419123779776829,0.18355201078116956,6995,0.7012151536812009,0.5697596238846658,0.19433031425057332,t3_history_decoder,none
hopgrid_t3_history_decoder_nonehop,123,0.867337703704834,2142,0.7180205415499533,0.5418800172250801,0.18359344621586632,6995,0.7023588277340957,0.5700342779224785,0.19451600475143313,t3_history_decoder,none
hopgrid_t3_history_decoder_nonehop,456,0.8587733507156372,2142,0.7170868347338936,0.542262837420276,0.18381109402940976,6995,0.7013581129378127,0.5704417988529606,0.19467219547381923,t3_history_decoder,none
hopgrid_t3_history_decoder_nonehop,789,0.8309666514396667,2142,0.7170868347338936,0.5417277125347622,0.18355745278397378,6995,0.7017869907076483,0.5701737336217539,0.1944075862678316,t3_history_decoder,none
hopgrid_t3_history_decoder_nonehop,2026,0.8696136474609375,2142,0.7180205415499533,0.5420590463860949,0.183686409540189,6995,0.7003573981415296,0.5701917913453943,0.1944978974031195,t3_history_decoder,none
hopgrid_t3_history_decoder_1hop,42,0.8004670739173889,2142,0.715219421101774,0.5405924447625858,0.18296429026073144,6995,0.7033595425303788,0.568499951560096,0.19381915041744588,t3_history_decoder,1
hopgrid_t3_history_decoder_1hop,123,0.878250002861023,2142,0.7198879551820728,0.5420382114858341,0.18377554734702906,6995,0.6999285203716941,0.5689628372093065,0.19411045581651123,t3_history_decoder,1
hopgrid_t3_history_decoder_1hop,456,0.8293111324310303,2142,0.719421101774043,0.5409399123186529,0.18312556699878907,6995,0.7026447462473195,0.5691962019334728,0.1940296716912166,t3_history_decoder,1
hopgrid_t3_history_decoder_1hop,789,0.8598536252975464,2142,0.715219421101774,0.5423152625904871,0.18373020177075855,6995,0.698927805575411,0.5695066642506355,0.19416058678532375,t3_history_decoder,1
hopgrid_t3_history_decoder_1hop,2026,0.850418746471405,2142,0.7166199813258637,0.5417481299222738,0.18357471115524684,6995,0.6976411722659042,0.5692372160407861,0.1941196540364358,t3_history_decoder,1
hopgrid_t3_history_decoder_2hop,42,0.8002618551254272,2142,0.719421101774043,0.5419094129035235,0.18353630639047055,6995,0.6997855611150822,0.5690216931475476,0.19370974091816043,t3_history_decoder,2
hopgrid_t3_history_decoder_2hop,123,0.9440183639526367,2142,0.7212885154061625,0.5444303531379534,0.18449226992126552,6995,0.7009292351679771,0.570047348130659,0.19422441700679804,t3_history_decoder,2
hopgrid_t3_history_decoder_2hop,456,0.8998501896858215,2142,0.7142857142857143,0.5435416038523797,0.18404713723192875,6995,0.6980700500357399,0.5698878078948054,0.19434072382168685,t3_history_decoder,2
hopgrid_t3_history_decoder_2hop,789,0.8493037819862366,2142,0.7170868347338936,0.5452326893093812,0.1846881265811838,6995,0.7035025017869907,0.57033492446019,0.19426875192280604,t3_history_decoder,2
hopgrid_t3_history_decoder_2hop,2026,1.0569851398468018,2142,0.7105508870214753,0.5545405591965831,0.1882725198618014,6995,0.6966404574696211,0.5733352584655591,0.19567726636356433,t3_history_decoder,2
