val_n_matches,val_accuracy,val_log_loss,val_brier,temperature,seconds,hidden_dim,dropout,learning_rate,weight_decay,steps_per_block,replay_buffer_size,replay_batch_size,passes,grad_clip,calibrate,seed,init_seed
2142,0.715219421101774,0.5451656366009874,0.184369597850388,0.7951015830039978,230.37742018699646,32,0.3,0.0001,0.0001,4,800,32,1,,True,42,
2142,0.7133520074696545,0.5469366637041714,0.1851571845037619,0.9931175708770752,232.6804060935974,32,0.3,0.0001,0.0001,4,400,32,1,,True,42,
2142,0.7138188608776844,0.5493064640376909,0.186198617754895,0.8785533905029297,234.59634399414062,32,0.3,0.0001,0.0001,4,200,32,1,,True,42,
2142,0.7156862745098039,0.5499482658583164,0.18652305779227954,0.977142870426178,403.15274000167847,64,0.3,0.0001,0.0001,4,400,32,1,,True,42,
2142,0.7119514472455649,0.5508782843799419,0.18702025847746964,0.819965124130249,399.7978949546814,64,0.3,0.0001,0.0001,4,800,32,1,,True,42,
2142,0.7166199813258637,0.5521902543339136,0.18621355551769112,0.9708513617515564,401.48527121543884,64,0.3,0.0001,0.0001,4,100,32,1,,True,42,
2142,0.7063492063492064,0.5526425848853401,0.18773058648088287,0.9346707463264465,236.01070308685303,32,0.3,0.0001,0.0001,4,100,32,1,,True,42,
2142,0.7133520074696545,0.5574595529080665,0.18899509822044874,1.0925588607788086,817.1765351295471,128,0.3,0.0001,0.0001,4,800,32,1,,True,42,
2142,0.7082166199813259,0.5598800781711805,0.1893798828862619,0.9992185831069946,405.1846218109131,64,0.3,0.0001,0.0001,4,200,32,1,,True,42,
2142,0.6918767507002801,0.585337772650543,0.19927696236365688,1.4877629280090332,812.4566769599915,128,0.3,0.0001,0.0001,4,400,32,1,,True,42,
2142,0.6881419234360411,0.6054730721798636,0.20689057602181896,2.2421629428863525,815.7322309017181,128,0.3,0.0001,0.0001,4,200,32,1,,True,42,
2142,0.6946778711484594,0.6143357797705317,0.2091674481724948,2.782625913619995,818.4124727249146,128,0.3,0.0001,0.0001,4,100,32,1,,True,42,
