experiment,seed,temperature,val_n_matches,val_accuracy,val_log_loss,val_brier,test_n_matches,test_accuracy,test_log_loss,test_brier,window,tier,hops
win365_t3_history_decoder_nonehop,42,1.0453399419784546,5325,0.6538967136150234,0.616143973762798,0.21393419491327983,14340,0.643444909344491,0.6203770426312469,0.21642865485337437,365,t3_history_decoder,none
win365_t3_history_decoder_nonehop,123,1.0817124843597412,5325,0.6527699530516432,0.6160187210852357,0.21390966171371717,14340,0.6428172942817294,0.6198394562667412,0.2161679847881035,365,t3_history_decoder,none
win365_t3_history_decoder_nonehop,456,1.1057524681091309,5325,0.6527699530516432,0.6163251481210299,0.21405527996060728,14340,0.6443514644351465,0.6203352137108676,0.2163770193006292,365,t3_history_decoder,none
win365_t3_history_decoder_nonehop,789,1.0657237768173218,5325,0.6540845070422535,0.6157145389130263,0.2137693798854769,14340,0.6444909344490934,0.6203530160504852,0.21643542478457498,365,t3_history_decoder,none
win365_t3_history_decoder_nonehop,2026,1.0974441766738892,5325,0.6531455399061032,0.6163105966692916,0.21403052504711914,14340,0.6423988842398884,0.6198149819064732,0.21613614268784007,365,t3_history_decoder,none
win365_t3_history_decoder_2hop,42,1.1838529109954834,5325,0.6529577464788733,0.6154029437603521,0.21363146258268753,14340,0.644142259414226,0.6257735236334396,0.21852227140790137,365,t3_history_decoder,2
win365_t3_history_decoder_2hop,123,1.0365538597106934,5325,0.6582159624413145,0.6144994679817216,0.21321941094387667,14340,0.6476987447698744,0.623229047096974,0.21728612282363105,365,t3_history_decoder,2
win365_t3_history_decoder_2hop,456,1.1918762922286987,5325,0.6499530516431925,0.6172876716935989,0.21446300269677976,14340,0.6458158995815899,0.6245468135297746,0.2179131107045873,365,t3_history_decoder,2
win365_t3_history_decoder_2hop,789,1.2283248901367188,5325,0.6570892018779343,0.6125965088482281,0.21226522762099673,14340,0.6449093444909344,0.6228395781113697,0.21715491089313388,365,t3_history_decoder,2
win365_t3_history_decoder_2hop,2026,1.1821351051330566,5325,0.655774647887324,0.6173221493137441,0.21419552496805444,14340,0.6419107391910739,0.6270578153425038,0.21893106616094868,365,t3_history_decoder,2
