experiment,seed,temperature,val_n_matches,val_accuracy,val_log_loss,val_brier,test_n_matches,test_accuracy,test_log_loss,test_brier,window,tier,hops,aggregation
win1095_t3_history_decoder_2hop_sum,42,1.0631859302520752,1075,0.7218604651162791,0.5479885168545363,0.1845204500908532,3770,0.6721485411140583,0.6009670095674944,0.20714979403005257,1095,t3_history_decoder,2,sum
win1095_t3_history_decoder_2hop_sum,123,1.0750981569290161,1075,0.7190697674418605,0.5527159041118047,0.18634312533030922,3770,0.6689655172413793,0.6021161211571929,0.20774717116840352,1095,t3_history_decoder,2,sum
win1095_t3_history_decoder_2hop_sum,456,1.0197412967681885,1075,0.7041860465116279,0.5545572305404056,0.18714318541802197,3770,0.6694960212201592,0.6029350959267373,0.20810194329143697,1095,t3_history_decoder,2,sum
win1095_t3_history_decoder_2hop_sum,789,0.9953857064247131,1075,0.718139534883721,0.5508033605397814,0.1853666244645291,3770,0.6692307692307692,0.5990379808165707,0.20654292413757327,1095,t3_history_decoder,2,sum
win1095_t3_history_decoder_2hop_sum,2026,1.0185565948486328,1075,0.7218604651162791,0.547575847507906,0.18406248482325,3770,0.6702917771883289,0.6005582258356407,0.20702536182223,1095,t3_history_decoder,2,sum
win1095_t3_history_decoder_2hop_mean,42,1.0220485925674438,1075,0.7153488372093023,0.5491969987779033,0.1847514427162,3770,0.6655172413793103,0.6019979945335174,0.20757465370813483,1095,t3_history_decoder,2,mean
win1095_t3_history_decoder_2hop_mean,123,0.972863495349884,1075,0.7153488372093023,0.5529630191307778,0.18630429483545485,3770,0.6652519893899205,0.600345477462941,0.20697288387917856,1095,t3_history_decoder,2,mean
win1095_t3_history_decoder_2hop_mean,456,0.9818413257598877,1075,0.7125581395348837,0.5548150425568623,0.18709623848828283,3770,0.6660477453580902,0.6030373876760802,0.20831419410144114,1095,t3_history_decoder,2,mean
win1095_t3_history_decoder_2hop_mean,789,0.9999827742576599,1075,0.7153488372093023,0.5544745331391481,0.18703957700249707,3770,0.6681697612732096,0.5992540343049186,0.2066415698046929,1095,t3_history_decoder,2,mean
win1095_t3_history_decoder_2hop_mean,2026,0.9549679756164551,1075,0.706046511627907,0.5545711705447491,0.18709413985350468,3770,0.6673740053050398,0.6000123417468752,0.2070095719258228,1095,t3_history_decoder,2,mean
win365_t3_history_decoder_2hop_sum,42,1.0474969148635864,1075,0.7088372093023256,0.5449744836850936,0.18337685645739357,3770,0.676923076923077,0.5941058901855513,0.20494068449035818,365,t3_history_decoder,2,sum
win365_t3_history_decoder_2hop_sum,123,1.0119588375091553,1075,0.7162790697674418,0.5473375102340058,0.18430132375468924,3770,0.6742705570291777,0.5941233191343956,0.20500772580726612,365,t3_history_decoder,2,sum
win365_t3_history_decoder_2hop_sum,456,0.902553915977478,1075,0.7144186046511628,0.5454536100233796,0.18323571283929424,3770,0.6721485411140583,0.5957926084181785,0.2056457885995959,365,t3_history_decoder,2,sum
win365_t3_history_decoder_2hop_sum,789,1.05830717086792,1075,0.7116279069767442,0.5492955949052534,0.18509445634783359,3770,0.6689655172413793,0.5933524477967559,0.2047377184387117,365,t3_history_decoder,2,sum
win365_t3_history_decoder_2hop_sum,2026,1.010695219039917,1075,0.7153488372093023,0.5444180888692334,0.1829072663607979,3770,0.6787798408488064,0.5936013158607905,0.20465093649266647,365,t3_history_decoder,2,sum
win365_t3_history_decoder_2hop_mean,42,1.0433865785598755,1075,0.7153488372093023,0.5451058194116227,0.18329738890458724,3770,0.6753315649867374,0.5971163227477229,0.20620332818767018,365,t3_history_decoder,2,mean
win365_t3_history_decoder_2hop_mean,123,0.9917267560958862,1075,0.72,0.5495592475459191,0.18500767105523622,3770,0.6710875331564987,0.595808663512037,0.20579620097230616,365,t3_history_decoder,2,mean
win365_t3_history_decoder_2hop_mean,456,0.9361124038696289,1075,0.7209302325581395,0.5488137606594573,0.1846261106615115,3770,0.6718832891246684,0.5969673163049749,0.20636321201659696,365,t3_history_decoder,2,mean
win365_t3_history_decoder_2hop_mean,789,0.9316725134849548,1075,0.7172093023255814,0.5464183851133607,0.1836509712747659,3770,0.6671087533156499,0.5969767351695611,0.20622939601983659,365,t3_history_decoder,2,mean
win365_t3_history_decoder_2hop_mean,2026,1.0020383596420288,1075,0.7097674418604651,0.5437261724988548,0.18271650305892911,3770,0.6718832891246684,0.596041795166167,0.20592518024679612,365,t3_history_decoder,2,mean
