scope,window,tier,hops,seed,val,test
slams_masters,365,t1_bscore,none,42,0.6064,0.6245
slams_masters,365,t1_bscore,none,123,0.6064,0.6244
slams_masters,365,t1_bscore,none,456,0.6064,0.6245
slams_masters,365,t1_bscore,none,789,0.6064,0.6245
slams_masters,365,t1_bscore,none,2026,0.6064,0.6245
slams_masters,365,t1_bscore,2,42,0.546,0.5989
slams_masters,365,t1_bscore,2,123,0.5486,0.598
slams_masters,365,t1_bscore,2,456,0.5475,0.6011
slams_masters,365,t1_bscore,2,789,0.5478,0.599
slams_masters,365,t1_bscore,2,2026,0.5464,0.5947
slams_masters,365,t3_history_decoder,none,42,0.5544,0.5982
slams_masters,365,t3_history_decoder,none,123,0.5546,0.5985
slams_masters,365,t3_history_decoder,none,456,0.5537,0.5963
slams_masters,365,t3_history_decoder,none,789,0.5553,0.595
slams_masters,365,t3_history_decoder,none,2026,0.554,0.5977
slams_masters,365,t3_history_decoder,2,42,0.545,0.5941
slams_masters,365,t3_history_decoder,2,123,0.5473,0.5941
slams_masters,365,t3_history_decoder,2,456,0.5455,0.5958
slams_masters,365,t3_history_decoder,2,789,0.5493,0.5934
slams_masters,365,t3_history_decoder,2,2026,0.5444,0.5936
slams_masters,547,t1_bscore,none,42,0.6064,0.6245
slams_masters,547,t1_bscore,none,123,0.6064,0.6244
slams_masters,547,t1_bscore,none,456,0.6064,0.6245
slams_masters,547,t1_bscore,none,789,0.6064,0.6245
slams_masters,547,t1_bscore,none,2026,0.6064,0.6245
slams_masters,547,t1_bscore,2,42,0.5477,0.6012
slams_masters,547,t1_bscore,2,123,0.5512,0.5959
slams_masters,547,t1_bscore,2,456,0.5472,0.5998
slams_masters,547,t1_bscore,2,789,0.5502,0.5971
slams_masters,547,t1_bscore,2,2026,0.5468,0.5974
slams_masters,547,t3_history_decoder,none,42,0.5551,0.5985
slams_masters,547,t3_history_decoder,none,123,0.5549,0.5961
slams_masters,547,t3_history_decoder,none,456,0.5533,0.5975
slams_masters,547,t3_history_decoder,none,789,0.5554,0.5954
slams_masters,547,t3_history_decoder,none,2026,0.554,0.5977
slams_masters,547,t3_history_decoder,2,42,0.5459,0.596
slams_masters,547,t3_history_decoder,2,123,0.5505,0.5948
slams_masters,547,t3_history_decoder,2,456,0.5466,0.596
slams_masters,547,t3_history_decoder,2,789,0.5499,0.5936
slams_masters,547,t3_history_decoder,2,2026,0.5467,0.5948
slams_masters,730,t1_bscore,none,42,0.6064,0.6244
slams_masters,730,t1_bscore,none,123,0.6064,0.6244
slams_masters,730,t1_bscore,none,456,0.6064,0.6245
slams_masters,730,t1_bscore,none,789,0.6064,0.6245
slams_masters,730,t1_bscore,none,2026,0.6064,0.6245
slams_masters,730,t1_bscore,2,42,0.5495,0.6011
slams_masters,730,t1_bscore,2,123,0.5467,0.5977
slams_masters,730,t1_bscore,2,456,0.5485,0.6006
slams_masters,730,t1_bscore,2,789,0.547,0.5987
slams_masters,730,t1_bscore,2,2026,0.5461,0.599
slams_masters,730,t3_history_decoder,none,42,0.5551,0.5986
slams_masters,730,t3_history_decoder,none,123,0.5544,0.5958
slams_masters,730,t3_history_decoder,none,456,0.554,0.5979
slams_masters,730,t3_history_decoder,none,789,0.5551,0.5952
slams_masters,730,t3_history_decoder,none,2026,0.5536,0.5975
slams_masters,730,t3_history_decoder,2,42,0.5461,0.5981
slams_masters,730,t3_history_decoder,2,123,0.5467,0.597
slams_masters,730,t3_history_decoder,2,456,0.5476,0.5983
slams_masters,730,t3_history_decoder,2,789,0.5497,0.595
slams_masters,730,t3_history_decoder,2,2026,0.5464,0.5971
slams_masters,1095,t1_bscore,none,42,0.6064,0.6245
slams_masters,1095,t1_bscore,none,123,0.6064,0.6244
slams_masters,1095,t1_bscore,none,456,0.6064,0.6245
slams_masters,1095,t1_bscore,none,789,0.6064,0.6245
slams_masters,1095,t1_bscore,none,2026,0.6064,0.6245
slams_masters,1095,t1_bscore,2,42,0.549,0.6046
slams_masters,1095,t1_bscore,2,123,0.548,0.6002
slams_masters,1095,t1_bscore,2,456,0.5507,0.604
slams_masters,1095,t1_bscore,2,789,0.5513,0.6012
slams_masters,1095,t1_bscore,2,2026,0.5506,0.6016
slams_masters,1095,t3_history_decoder,none,42,0.5551,0.5985
slams_masters,1095,t3_history_decoder,none,123,0.5528,0.5971
slams_masters,1095,t3_history_decoder,none,456,0.5538,0.5959
slams_masters,1095,t3_history_decoder,none,789,0.5555,0.595
slams_masters,1095,t3_history_decoder,none,2026,0.5541,0.5977
slams_masters,1095,t3_history_decoder,2,42,0.548,0.601
slams_masters,1095,t3_history_decoder,2,123,0.5527,0.6021
slams_masters,1095,t3_history_decoder,2,456,0.5546,0.6029
slams_masters,1095,t3_history_decoder,2,789,0.5508,0.599
slams_masters,1095,t3_history_decoder,2,2026,0.5476,0.6006
slams_masters,90,t1_bscore,none,42,0.6064,0.6245
slams_masters,90,t1_bscore,none,123,0.6064,0.6245
slams_masters,90,t1_bscore,none,456,0.6064,0.6245
slams_masters,90,t1_bscore,none,789,0.6064,0.6245
slams_masters,90,t1_bscore,none,2026,0.6064,0.6245
slams_masters,90,t1_bscore,2,42,0.5637,0.6243
slams_masters,90,t1_bscore,2,123,0.5575,0.6226
slams_masters,90,t1_bscore,2,456,0.5695,0.6239
slams_masters,90,t1_bscore,2,789,0.5652,0.6234
slams_masters,90,t1_bscore,2,2026,0.5643,0.6207
slams_masters,90,t3_history_decoder,none,42,0.5551,0.5985
slams_masters,90,t3_history_decoder,none,123,0.5529,0.5965
slams_masters,90,t3_history_decoder,none,456,0.5527,0.5972
slams_masters,90,t3_history_decoder,none,789,0.5551,0.5952
slams_masters,90,t3_history_decoder,none,2026,0.5541,0.5978
slams_masters,90,t3_history_decoder,2,42,0.5475,0.6022
slams_masters,90,t3_history_decoder,2,123,0.5487,0.5967
slams_masters,90,t3_history_decoder,2,456,0.5551,0.6026
slams_masters,90,t3_history_decoder,2,789,0.5524,0.5977
slams_masters,90,t3_history_decoder,2,2026,0.5464,0.6007
slams_masters,180,t1_bscore,none,42,0.6064,0.6244
slams_masters,180,t1_bscore,none,123,0.6064,0.6245
slams_masters,180,t1_bscore,none,456,0.6064,0.6245
slams_masters,180,t1_bscore,none,789,0.6064,0.6245
slams_masters,180,t1_bscore,none,2026,0.6064,0.6245
slams_masters,180,t1_bscore,2,42,0.5494,0.6139
slams_masters,180,t1_bscore,2,123,0.5533,0.61
slams_masters,180,t1_bscore,2,456,0.5539,0.6124
slams_masters,180,t1_bscore,2,789,0.558,0.6103
slams_masters,180,t1_bscore,2,2026,0.5516,0.6086
slams_masters,180,t3_history_decoder,none,42,0.5547,0.5983
slams_masters,180,t3_history_decoder,none,123,0.5553,0.5957
slams_masters,180,t3_history_decoder,none,456,0.5536,0.598
slams_masters,180,t3_history_decoder,none,789,0.5553,0.5952
slams_masters,180,t3_history_decoder,none,2026,0.5544,0.5978
slams_masters,180,t3_history_decoder,2,42,0.5471,0.5978
slams_masters,180,t3_history_decoder,2,123,0.5475,0.5993
slams_masters,180,t3_history_decoder,2,456,0.5466,0.6017
slams_masters,180,t3_history_decoder,2,789,0.5466,0.5998
slams_masters,180,t3_history_decoder,2,2026,0.5446,0.5973
slams_masters,270,t1_bscore,none,42,0.6064,0.6245
slams_masters,270,t1_bscore,none,123,0.6064,0.6245
slams_masters,270,t1_bscore,none,456,0.6064,0.6245
slams_masters,270,t1_bscore,none,789,0.6064,0.6245
slams_masters,270,t1_bscore,none,2026,0.6064,0.6245
slams_masters,270,t1_bscore,2,42,0.5522,0.603
slams_masters,270,t1_bscore,2,123,0.5552,0.6016
slams_masters,270,t1_bscore,2,456,0.5521,0.6041
slams_masters,270,t1_bscore,2,789,0.5535,0.6027
slams_masters,270,t1_bscore,2,2026,0.552,0.6
slams_masters,270,t3_history_decoder,none,42,0.5551,0.5985
slams_masters,270,t3_history_decoder,none,123,0.5534,0.5962
slams_masters,270,t3_history_decoder,none,456,0.553,0.5972
slams_masters,270,t3_history_decoder,none,789,0.5541,0.5956
slams_masters,270,t3_history_decoder,none,2026,0.554,0.5977
slams_masters,270,t3_history_decoder,2,42,0.548,0.5985
slams_masters,270,t3_history_decoder,2,123,0.5487,0.5959
slams_masters,270,t3_history_decoder,2,456,0.5495,0.5975
slams_masters,270,t3_history_decoder,2,789,0.5483,0.5947
slams_masters,270,t3_history_decoder,2,2026,0.5469,0.5928
slams_masters,270,t1_bscore,1,42,0.5604,0.6123
slams_masters,270,t1_bscore,1,123,0.5594,0.6075
slams_masters,270,t1_bscore,1,456,0.5602,0.6114
slams_masters,270,t1_bscore,1,789,0.5605,0.6116
slams_masters,270,t1_bscore,1,2026,0.5609,0.612
slams_masters,270,t3_history_decoder,1,42,0.5504,0.5967
slams_masters,270,t3_history_decoder,1,123,0.5495,0.596
slams_masters,270,t3_history_decoder,1,456,0.5504,0.5964
slams_masters,270,t3_history_decoder,1,789,0.5501,0.5965
slams_masters,270,t3_history_decoder,1,2026,0.5502,0.596
slams_masters,365,t1_bscore,1,42,0.5523,0.61
slams_masters,365,t1_bscore,1,123,0.5506,0.6051
slams_masters,365,t1_bscore,1,456,0.5503,0.606
slams_masters,365,t1_bscore,1,789,0.5519,0.61
slams_masters,365,t1_bscore,1,2026,0.551,0.6111
slams_masters,365,t3_history_decoder,1,42,0.5475,0.5986
slams_masters,365,t3_history_decoder,1,123,0.5473,0.5969
slams_masters,365,t3_history_decoder,1,456,0.5473,0.5957
slams_masters,365,t3_history_decoder,1,789,0.547,0.5975
slams_masters,365,t3_history_decoder,1,2026,0.5468,0.5977
slams_masters,547,t1_bscore,1,42,0.5532,0.6085
slams_masters,547,t1_bscore,1,123,0.5502,0.6063
slams_masters,547,t1_bscore,1,456,0.5517,0.6066
slams_masters,547,t1_bscore,1,789,0.5518,0.6073
slams_masters,547,t1_bscore,1,2026,0.5547,0.6072
slams_masters,547,t3_history_decoder,1,42,0.5494,0.5988
slams_masters,547,t3_history_decoder,1,123,0.549,0.5977
slams_masters,547,t3_history_decoder,1,456,0.5504,0.5972
slams_masters,547,t3_history_decoder,1,789,0.5498,0.5987
slams_masters,547,t3_history_decoder,1,2026,0.5491,0.5986
slams_masters,730,t1_bscore,1,42,0.5533,0.6085
slams_masters,730,t1_bscore,1,123,0.5528,0.6068
slams_masters,730,t1_bscore,1,456,0.5536,0.6077
slams_masters,730,t1_bscore,1,789,0.5541,0.6095
slams_masters,730,t1_bscore,1,2026,0.5568,0.6087
slams_masters,730,t3_history_decoder,1,42,0.5509,0.5997
slams_masters,730,t3_history_decoder,1,123,0.5501,0.5985
slams_masters,730,t3_history_decoder,1,456,0.5514,0.5987
slams_masters,730,t3_history_decoder,1,789,0.5511,0.6001
slams_masters,730,t3_history_decoder,1,2026,0.5525,0.6003
slams_masters_1990,365,t3_history_decoder,none,42,0.5418,0.5698
slams_masters_1990,365,t3_history_decoder,none,123,0.542,0.57
slams_masters_1990,365,t3_history_decoder,none,456,0.5423,0.5704
slams_masters_1990,365,t3_history_decoder,none,789,0.5418,0.5701
slams_masters_1990,365,t3_history_decoder,none,2026,0.5418,0.5701
slams_masters_1990,365,t3_history_decoder,1,42,0.5439,0.5671
slams_masters_1990,365,t3_history_decoder,1,123,0.5441,0.5679
slams_masters_1990,365,t3_history_decoder,1,456,0.5466,0.5683
slams_masters_1990,365,t3_history_decoder,1,789,0.5451,0.5675
slams_masters_1990,365,t3_history_decoder,1,2026,0.5451,0.5675
slams_masters_1990,365,t3_history_decoder,2,42,0.5429,0.5683
slams_masters_1990,365,t3_history_decoder,2,123,0.5473,0.5698
slams_masters_1990,365,t3_history_decoder,2,456,0.5419,0.5676
slams_masters_1990,365,t3_history_decoder,2,789,0.545,0.5664
slams_masters_1990,365,t3_history_decoder,2,2026,0.546,0.568
slams_masters_1990,547,t3_history_decoder,none,42,0.5419,0.5698
slams_masters_1990,547,t3_history_decoder,none,123,0.5421,0.5699
slams_masters_1990,547,t3_history_decoder,none,456,0.5422,0.5704
slams_masters_1990,547,t3_history_decoder,none,789,0.5419,0.5699
slams_masters_1990,547,t3_history_decoder,none,2026,0.5421,0.5701
slams_masters_1990,547,t3_history_decoder,1,42,0.5433,0.5699
slams_masters_1990,547,t3_history_decoder,1,123,0.5429,0.5697
slams_masters_1990,547,t3_history_decoder,1,456,0.5451,0.5703
slams_masters_1990,547,t3_history_decoder,1,789,0.5426,0.5697
slams_masters_1990,547,t3_history_decoder,1,2026,0.5435,0.5693
slams_masters_1990,547,t3_history_decoder,2,42,0.5421,0.5679
slams_masters_1990,547,t3_history_decoder,2,123,0.5453,0.5704
slams_masters_1990,547,t3_history_decoder,2,456,0.5454,0.5697
slams_masters_1990,547,t3_history_decoder,2,789,0.5471,0.5674
slams_masters_1990,547,t3_history_decoder,2,2026,0.5475,0.5734
