window,tier,hops,seed,val,test
365,t1_bscore,none,42,0.6064,0.6245
365,t1_bscore,none,123,0.6064,0.6244
365,t1_bscore,none,456,0.6064,0.6245
365,t1_bscore,none,789,0.6064,0.6245
365,t1_bscore,none,2026,0.6064,0.6245
365,t1_bscore,2,42,0.546,0.5989
365,t1_bscore,2,123,0.5486,0.598
365,t1_bscore,2,456,0.5475,0.6011
365,t1_bscore,2,789,0.5478,0.599
365,t1_bscore,2,2026,0.5464,0.5947
365,t3_history_decoder,none,42,0.5544,0.5982
365,t3_history_decoder,none,123,0.5546,0.5985
365,t3_history_decoder,none,456,0.5537,0.5963
365,t3_history_decoder,none,789,0.5553,0.595
365,t3_history_decoder,none,2026,0.554,0.5977
365,t3_history_decoder,2,42,0.545,0.5941
365,t3_history_decoder,2,123,0.5473,0.5941
365,t3_history_decoder,2,456,0.5455,0.5958
365,t3_history_decoder,2,789,0.5493,0.5934
365,t3_history_decoder,2,2026,0.5444,0.5936
547,t1_bscore,none,42,0.6064,0.6245
547,t1_bscore,none,123,0.6064,0.6244
547,t1_bscore,none,456,0.6064,0.6245
547,t1_bscore,none,789,0.6064,0.6245
547,t1_bscore,none,2026,0.6064,0.6245
547,t1_bscore,2,42,0.5477,0.6012
547,t1_bscore,2,123,0.5512,0.5959
547,t1_bscore,2,456,0.5472,0.5998
547,t1_bscore,2,789,0.5502,0.5971
547,t1_bscore,2,2026,0.5468,0.5974
547,t3_history_decoder,none,42,0.5551,0.5985
547,t3_history_decoder,none,123,0.5549,0.5961
547,t3_history_decoder,none,456,0.5533,0.5975
547,t3_history_decoder,none,789,0.5554,0.5954
547,t3_history_decoder,none,2026,0.554,0.5977
547,t3_history_decoder,2,42,0.5459,0.596
547,t3_history_decoder,2,123,0.5505,0.5948
547,t3_history_decoder,2,456,0.5466,0.596
547,t3_history_decoder,2,789,0.5499,0.5936
547,t3_history_decoder,2,2026,0.5467,0.5948
730,t1_bscore,none,42,0.6064,0.6244
730,t1_bscore,none,123,0.6064,0.6244
730,t1_bscore,none,456,0.6064,0.6245
730,t1_bscore,none,789,0.6064,0.6245
730,t1_bscore,none,2026,0.6064,0.6245
730,t1_bscore,2,42,0.5495,0.6011
730,t1_bscore,2,123,0.5467,0.5977
730,t1_bscore,2,456,0.5485,0.6006
730,t1_bscore,2,789,0.547,0.5987
730,t1_bscore,2,2026,0.5461,0.599
730,t3_history_decoder,none,42,0.5551,0.5986
730,t3_history_decoder,none,123,0.5544,0.5958
730,t3_history_decoder,none,456,0.554,0.5979
730,t3_history_decoder,none,789,0.5551,0.5952
730,t3_history_decoder,none,2026,0.5536,0.5975
730,t3_history_decoder,2,42,0.5461,0.5981
730,t3_history_decoder,2,123,0.5467,0.597
730,t3_history_decoder,2,456,0.5476,0.5983
730,t3_history_decoder,2,789,0.5497,0.595
730,t3_history_decoder,2,2026,0.5464,0.5971
1095,t1_bscore,none,42,0.6064,0.6245
1095,t1_bscore,none,123,0.6064,0.6244
1095,t1_bscore,none,456,0.6064,0.6245
1095,t1_bscore,none,789,0.6064,0.6245
1095,t1_bscore,none,2026,0.6064,0.6245
1095,t1_bscore,2,42,0.549,0.6046
1095,t1_bscore,2,123,0.548,0.6002
1095,t1_bscore,2,456,0.5507,0.604
1095,t1_bscore,2,789,0.5513,0.6012
1095,t1_bscore,2,2026,0.5506,0.6016
1095,t3_history_decoder,none,42,0.5551,0.5985
1095,t3_history_decoder,none,123,0.5528,0.5971
1095,t3_history_decoder,none,456,0.5538,0.5959
1095,t3_history_decoder,none,789,0.5555,0.595
1095,t3_history_decoder,none,2026,0.5541,0.5977
1095,t3_history_decoder,2,42,0.548,0.601
1095,t3_history_decoder,2,123,0.5527,0.6021
1095,t3_history_decoder,2,456,0.5546,0.6029
1095,t3_history_decoder,2,789,0.5508,0.599
1095,t3_history_decoder,2,2026,0.5476,0.6006
90,t1_bscore,none,42,0.6064,0.6245
90,t1_bscore,none,123,0.6064,0.6245
90,t1_bscore,none,456,0.6064,0.6245
90,t1_bscore,none,789,0.6064,0.6245
90,t1_bscore,none,2026,0.6064,0.6245
90,t1_bscore,2,42,0.5637,0.6243
90,t1_bscore,2,123,0.5575,0.6226
90,t1_bscore,2,456,0.5695,0.6239
90,t1_bscore,2,789,0.5652,0.6234
90,t1_bscore,2,2026,0.5643,0.6207
90,t3_history_decoder,none,42,0.5551,0.5985
90,t3_history_decoder,none,123,0.5529,0.5965
90,t3_history_decoder,none,456,0.5527,0.5972
90,t3_history_decoder,none,789,0.5551,0.5952
90,t3_history_decoder,none,2026,0.5541,0.5978
90,t3_history_decoder,2,42,0.5475,0.6022
90,t3_history_decoder,2,123,0.5487,0.5967
90,t3_history_decoder,2,456,0.5551,0.6026
90,t3_history_decoder,2,789,0.5524,0.5977
90,t3_history_decoder,2,2026,0.5464,0.6007
180,t1_bscore,none,42,0.6064,0.6244
180,t1_bscore,none,123,0.6064,0.6245
180,t1_bscore,none,456,0.6064,0.6245
180,t1_bscore,none,789,0.6064,0.6245
180,t1_bscore,none,2026,0.6064,0.6245
180,t1_bscore,2,42,0.5494,0.6139
180,t1_bscore,2,123,0.5533,0.61
180,t1_bscore,2,456,0.5539,0.6124
180,t1_bscore,2,789,0.558,0.6103
180,t1_bscore,2,2026,0.5516,0.6086
180,t3_history_decoder,none,42,0.5547,0.5983
180,t3_history_decoder,none,123,0.5553,0.5957
180,t3_history_decoder,none,456,0.5536,0.598
180,t3_history_decoder,none,789,0.5553,0.5952
180,t3_history_decoder,none,2026,0.5544,0.5978
180,t3_history_decoder,2,42,0.5471,0.5978
180,t3_history_decoder,2,123,0.5475,0.5993
180,t3_history_decoder,2,456,0.5466,0.6017
180,t3_history_decoder,2,789,0.5466,0.5998
180,t3_history_decoder,2,2026,0.5446,0.5973
270,t1_bscore,none,42,0.6064,0.6245
270,t1_bscore,none,123,0.6064,0.6245
270,t1_bscore,none,456,0.6064,0.6245
270,t1_bscore,none,789,0.6064,0.6245
270,t1_bscore,none,2026,0.6064,0.6245
270,t1_bscore,2,42,0.5522,0.603
270,t1_bscore,2,123,0.5552,0.6016
270,t1_bscore,2,456,0.5521,0.6041
270,t1_bscore,2,789,0.5535,0.6027
270,t1_bscore,2,2026,0.552,0.6
270,t3_history_decoder,none,42,0.5551,0.5985
270,t3_history_decoder,none,123,0.5534,0.5962
270,t3_history_decoder,none,456,0.553,0.5972
270,t3_history_decoder,none,789,0.5541,0.5956
270,t3_history_decoder,none,2026,0.554,0.5977
270,t3_history_decoder,2,42,0.548,0.5985
270,t3_history_decoder,2,123,0.5487,0.5959
270,t3_history_decoder,2,456,0.5495,0.5975
270,t3_history_decoder,2,789,0.5483,0.5947
270,t3_history_decoder,2,2026,0.5469,0.5928
