phase,tourney_id,round_order,block_idx,row_in_block,y_true,probability
test,2017-580,1,168,0,0.0,0.02969685187791232
test,2017-580,1,168,1,0.0,0.43720057730153195
test,2017-580,1,168,2,1.0,0.7097161552866302
test,2017-580,1,168,3,1.0,0.40383858405247186
test,2017-580,1,168,4,0.0,0.3877825984748077
test,2017-580,1,168,5,0.0,0.036201987478175476
test,2017-580,1,168,6,0.0,0.09673905527362986
test,2017-580,1,168,7,1.0,0.7423483675640439
test,2017-580,1,168,8,1.0,0.4720247657464624
test,2017-580,1,168,9,1.0,0.33396598341135997
test,2017-580,1,168,10,1.0,0.7384765541836943
test,2017-580,1,168,11,1.0,0.48942518660239165
test,2017-580,1,168,12,0.0,0.39486500505027
test,2017-580,1,168,13,1.0,0.9503205553220777
test,2017-580,1,168,14,0.0,0.08848858846016902
test,2017-580,1,168,15,1.0,0.7442976658960169
test,2017-580,1,168,16,0.0,0.43496493776406153
test,2017-580,1,168,17,0.0,0.5391722763217426
test,2017-580,1,168,18,0.0,0.019523575455185807
test,2017-580,1,168,19,0.0,0.4580079549451585
test,2017-580,1,168,20,1.0,0.23155331669797566
test,2017-580,1,168,21,1.0,0.9508962108110018
test,2017-580,1,168,22,0.0,0.9127505127220347
test,2017-580,1,168,23,0.0,0.43058279903083374
test,2017-580,1,168,24,1.0,0.26677523367663475
test,2017-580,1,168,25,1.0,0.9427738740309247
test,2017-580,1,168,26,0.0,0.4336670637870506
test,2017-580,1,168,27,1.0,0.4820573652989128
test,2017-580,1,168,28,1.0,0.2671737219989713
test,2017-580,1,168,29,0.0,0.031791176959485225
test,2017-580,1,168,30,1.0,0.25610212319181636
test,2017-580,1,168,31,1.0,0.4207345386384259
test,2017-580,1,168,32,0.0,0.40030570908760377
test,2017-580,1,168,33,1.0,0.8668423483356991
test,2017-580,1,168,34,1.0,0.7863084811763551
test,2017-580,1,168,35,1.0,0.92527356915497
test,2017-580,1,168,36,1.0,0.4332236047558162
test,2017-580,1,168,37,0.0,0.5040202618533999
test,2017-580,1,168,38,1.0,0.9374926762183631
test,2017-580,1,168,39,0.0,0.3017538976238939
test,2017-580,1,168,40,0.0,0.20572434966488404
test,2017-580,1,168,41,0.0,0.4186418609249544
test,2017-580,1,168,42,1.0,0.5644889346577535
test,2017-580,1,168,43,1.0,0.2046042219053119
test,2017-580,1,168,44,1.0,0.5463668925476144
test,2017-580,1,168,45,0.0,0.5965487376334213
test,2017-580,1,168,46,1.0,0.8028142824102708
test,2017-580,1,168,47,1.0,0.8860974479227914
test,2017-580,1,168,48,1.0,0.7971386752240934
test,2017-580,1,168,49,0.0,0.7764781659615223
test,2017-580,1,168,50,0.0,0.34284987989489046
test,2017-580,1,168,51,1.0,0.5183188696694719
test,2017-580,1,168,52,1.0,0.6437467592426734
test,2017-580,1,168,53,0.0,0.20770590732925473
test,2017-580,1,168,54,1.0,0.5350851908238957
test,2017-580,1,168,55,0.0,0.539295063403004
test,2017-580,1,168,56,0.0,0.2707278344544223
test,2017-580,1,168,57,1.0,0.9353228859876727
test,2017-580,1,168,58,1.0,0.7689798416095579
test,2017-580,1,168,59,0.0,0.5249909324311005
test,2017-580,1,168,60,0.0,0.523960645178557
test,2017-580,1,168,61,0.0,0.051769002007903
test,2017-580,1,168,62,1.0,0.9119177056194444
test,2017-580,1,168,63,1.0,0.29929237209380544
test,2017-580,2,169,0,1.0,0.5195722657891445
test,2017-580,2,169,1,1.0,0.8909106396241901
test,2017-580,2,169,2,0.0,0.0763882050317722
test,2017-580,2,169,3,1.0,0.8852960758966304
test,2017-580,2,169,4,1.0,0.9158029788940973
test,2017-580,2,169,5,1.0,0.6020986785056475
test,2017-580,2,169,6,1.0,0.8203160962425768
test,2017-580,2,169,7,1.0,0.5517289298065405
test,2017-580,2,169,8,1.0,0.8873185031945252
test,2017-580,2,169,9,1.0,0.8568448390443969
test,2017-580,2,169,10,0.0,0.336183501817588
test,2017-580,2,169,11,0.0,0.07574086628728216
test,2017-580,2,169,12,1.0,0.8396290283156194
test,2017-580,2,169,13,1.0,0.5532611619400957
test,2017-580,2,169,14,1.0,0.8199877712357738
test,2017-580,2,169,15,0.0,0.20088060392150017
test,2017-580,2,169,16,0.0,0.07105845065570902
test,2017-580,2,169,17,1.0,0.27092715868613815
test,2017-580,2,169,18,0.0,0.2629050925361346
test,2017-580,2,169,19,1.0,0.8891931809384821
test,2017-580,2,169,20,0.0,0.20854809603950425
test,2017-580,2,169,21,0.0,0.5537635818168437
test,2017-580,2,169,22,0.0,0.023666345247623226
test,2017-580,2,169,23,0.0,0.054744679813769244
test,2017-580,2,169,24,1.0,0.8184085770615894
test,2017-580,2,169,25,1.0,0.07408962802608426
test,2017-580,2,169,26,1.0,0.8523350932397291
test,2017-580,2,169,27,0.0,0.857120473416765
test,2017-580,2,169,28,1.0,0.42273436043356893
test,2017-580,2,169,29,1.0,0.9761236806187078
test,2017-580,2,169,30,1.0,0.034076758000453185
test,2017-580,2,169,31,1.0,0.367897501547154
test,2017-580,3,170,0,0.0,0.3155095580573539
test,2017-580,3,170,1,1.0,0.9562152641221657
test,2017-580,3,170,2,1.0,0.5077794442830674
test,2017-580,3,170,3,0.0,0.6155383492873808
test,2017-580,3,170,4,1.0,0.6189209385928465
test,2017-580,3,170,5,0.0,0.4399150558901475
test,2017-580,3,170,6,1.0,0.3482792910434259
test,2017-580,3,170,7,1.0,0.9324041252526069
test,2017-580,3,170,8,0.0,0.2728024438621501
test,2017-580,3,170,9,0.0,0.7665780467352192
test,2017-580,3,170,10,1.0,0.7853148865759798
test,2017-580,3,170,11,1.0,0.75208222982167
test,2017-580,3,170,12,1.0,0.895752874139354
test,2017-580,3,170,13,0.0,0.05546175215139185
test,2017-580,3,170,14,1.0,0.6462902096175437
test,2017-580,3,170,15,0.0,0.4173393575855109
test,2017-580,4,171,0,1.0,0.738669656941616
test,2017-580,4,171,1,1.0,0.5938299082360571
test,2017-580,4,171,2,0.0,0.2434562696961772
test,2017-580,4,171,3,1.0,0.6380312247358525
test,2017-580,4,171,4,0.0,0.08296098566108748
test,2017-580,4,171,5,0.0,0.09158502143055762
test,2017-580,4,171,6,1.0,0.6427852891301494
test,2017-580,4,171,7,1.0,0.02305997451811009
test,2017-580,5,172,0,1.0,0.5435381823228265
test,2017-580,5,172,1,0.0,0.11246068597392667
test,2017-580,5,172,2,1.0,0.65777538903255
test,2017-580,5,172,3,0.0,0.03417626241309898
test,2017-580,6,173,0,1.0,0.7237714922435333
test,2017-580,6,173,1,1.0,0.6369491236207782
test,2017-580,7,174,0,1.0,0.4452239744929524
test,2017-520,1,175,0,1.0,0.9318820169171141
test,2017-520,1,175,1,0.0,0.3058206654732663
test,2017-520,1,175,2,0.0,0.35290563747396175
test,2017-520,1,175,3,0.0,0.20125559209898583
test,2017-520,1,175,4,0.0,0.5356482956033477
test,2017-520,1,175,5,0.0,0.29109425820600066
test,2017-520,1,175,6,0.0,0.9398538404155846
test,2017-520,1,175,7,0.0,0.19148562563293683
test,2017-520,1,175,8,1.0,0.3430101507965165
test,2017-520,1,175,9,0.0,0.677143558325541
test,2017-520,1,175,10,0.0,0.10861847138947961
test,2017-520,1,175,11,0.0,0.2836773238095692
test,2017-520,1,175,12,0.0,0.2643012922755233
test,2017-520,1,175,13,0.0,0.0414953347906258
test,2017-520,1,175,14,1.0,0.8848463248516301
test,2017-520,1,175,15,0.0,0.0670761359700017
test,2017-520,1,175,16,1.0,0.7526494569326232
test,2017-520,1,175,17,0.0,0.49525705983939683
test,2017-520,1,175,18,0.0,0.2570341538802962
test,2017-520,1,175,19,0.0,0.5694643479743409
test,2017-520,1,175,20,1.0,0.44796402269560137
test,2017-520,1,175,21,0.0,0.6159510312154088
test,2017-520,1,175,22,0.0,0.046755933709887204
test,2017-520,1,175,23,1.0,0.5305655170589256
test,2017-520,1,175,24,1.0,0.5344398246140736
test,2017-520,1,175,25,1.0,0.7406713793275355
test,2017-520,1,175,26,0.0,0.2589267813734909
test,2017-520,1,175,27,0.0,0.41765224786371596
test,2017-520,1,175,28,0.0,0.1942153424945833
test,2017-520,1,175,29,0.0,0.05551795327477764
test,2017-520,1,175,30,0.0,0.2922137892111052
test,2017-520,1,175,31,0.0,0.20276204566030726
test,2017-520,1,175,32,1.0,0.5204537010451652
test,2017-520,1,175,33,0.0,0.1752389026047798
test,2017-520,1,175,34,1.0,0.3127711930397296
test,2017-520,1,175,35,1.0,0.8736664688163812
test,2017-520,1,175,36,0.0,0.6031244619420815
test,2017-520,1,175,37,0.0,0.47526875080905784
test,2017-520,1,175,38,0.0,0.2381413262826673
test,2017-520,1,175,39,1.0,0.8543901814934589
test,2017-520,1,175,40,1.0,0.6062832779108698
test,2017-520,1,175,41,0.0,0.517093718730232
test,2017-520,1,175,42,0.0,0.20907669567789672
test,2017-520,1,175,43,0.0,0.2503587589594445
test,2017-520,1,175,44,0.0,0.38620661001831313
test,2017-520,1,175,45,0.0,0.5972957334600264
test,2017-520,1,175,46,1.0,0.6755061680470005
test,2017-520,1,175,47,0.0,0.07623254988029782
test,2017-520,1,175,48,1.0,0.6209922787166465
test,2017-520,1,175,49,0.0,0.41868151946249565
test,2017-520,1,175,50,0.0,0.8097198355643976
test,2017-520,1,175,51,0.0,0.26780026675902635
test,2017-520,1,175,52,1.0,0.8739220332542051
test,2017-520,1,175,53,0.0,0.5422363336098472
test,2017-520,1,175,54,1.0,0.5894946484976551
test,2017-520,1,175,55,1.0,0.6034302738470828
test,2017-520,1,175,56,1.0,0.3606818324313321
test,2017-520,1,175,57,1.0,0.14314010842106906
test,2017-520,1,175,58,0.0,0.09167776274733608
test,2017-520,1,175,59,0.0,0.5591129871581872
test,2017-520,1,175,60,1.0,0.47604613310152927
test,2017-520,1,175,61,1.0,0.5852983719219265
test,2017-520,1,175,62,0.0,0.14557531639380458
test,2017-520,1,175,63,1.0,0.6853327728801023
test,2017-520,2,176,0,0.0,0.3198192820339866
test,2017-520,2,176,1,1.0,0.8614044202229235
test,2017-520,2,176,2,1.0,0.7137143172650507
test,2017-520,2,176,3,1.0,0.6480287276775415
test,2017-520,2,176,4,1.0,0.2717318796014577
test,2017-520,2,176,5,1.0,0.8416744772477014
test,2017-520,2,176,6,1.0,0.7566099142254545
test,2017-520,2,176,7,0.0,0.5123658836018868
test,2017-520,2,176,8,0.0,0.6299950083795929
test,2017-520,2,176,9,1.0,0.6367350756531005
test,2017-520,2,176,10,1.0,0.5858140542893404
test,2017-520,2,176,11,0.0,0.043039606535510394
test,2017-520,2,176,12,0.0,0.03741466027284975
test,2017-520,2,176,13,1.0,0.07846547658175118
test,2017-520,2,176,14,0.0,0.7722266633340006
test,2017-520,2,176,15,1.0,0.4197889773919784
test,2017-520,2,176,16,1.0,0.6130441490422197
test,2017-520,2,176,17,0.0,0.0752265930700801
test,2017-520,2,176,18,0.0,0.0922943800081176
test,2017-520,2,176,19,1.0,0.566028128139809
test,2017-520,2,176,20,0.0,0.04630863864723516
test,2017-520,2,176,21,0.0,0.2300248751748517
test,2017-520,2,176,22,1.0,0.28578964539498786
test,2017-520,2,176,23,1.0,0.7938564263659649
test,2017-520,2,176,24,0.0,0.13453651051244764
test,2017-520,2,176,25,1.0,0.8501554036689981
test,2017-520,2,176,26,1.0,0.7482061363842231
test,2017-520,2,176,27,1.0,0.6685484459326863
test,2017-520,2,176,28,0.0,0.06818160975747718
test,2017-520,2,176,29,1.0,0.600096567202331
test,2017-520,2,176,30,1.0,0.9349360271759087
test,2017-520,2,176,31,1.0,0.957367892977047
test,2017-520,3,177,0,1.0,0.8839989682687875
test,2017-520,3,177,1,0.0,0.07329221007947777
test,2017-520,3,177,2,1.0,0.965960481209006
test,2017-520,3,177,3,1.0,0.603732751872908
test,2017-520,3,177,4,1.0,0.09560612888191197
test,2017-520,3,177,5,0.0,0.03699130998141629
test,2017-520,3,177,6,1.0,0.6878283613778895
test,2017-520,3,177,7,0.0,0.7341196975679277
test,2017-520,3,177,8,1.0,0.8085769318010699
test,2017-520,3,177,9,0.0,0.38742168885460265
test,2017-520,3,177,10,0.0,0.36270715507162266
test,2017-520,3,177,11,1.0,0.664579547124452
test,2017-520,3,177,12,1.0,0.8787976978094583
test,2017-520,3,177,13,1.0,0.6955880791070493
test,2017-520,3,177,14,1.0,0.2116711616222943
test,2017-520,3,177,15,1.0,0.842011801975879
test,2017-520,4,178,0,0.0,0.037330099623566426
test,2017-520,4,178,1,0.0,0.1576885583496931
test,2017-520,4,178,2,0.0,0.11763484947896224
test,2017-520,4,178,3,0.0,0.8271367027123635
test,2017-520,4,178,4,1.0,0.7630015624360686
test,2017-520,4,178,5,1.0,0.7873610065365261
test,2017-520,4,178,6,0.0,0.26529141770473863
test,2017-520,4,178,7,1.0,0.8646981701879941
test,2017-520,5,179,0,0.0,0.8295436017636754
test,2017-520,5,179,1,1.0,0.9400763939128859
test,2017-520,5,179,2,1.0,0.725578116520379
test,2017-520,5,179,3,0.0,0.09520695875610574
test,2017-520,6,180,0,0.0,0.0837556797484297
test,2017-520,6,180,1,0.0,0.6302384803350322
test,2017-520,7,181,0,0.0,0.06453652730282276
test,2017-540,1,182,0,1.0,0.9422740526743347
test,2017-540,1,182,1,1.0,0.40584674856267483
test,2017-540,1,182,2,0.0,0.2553893810659546
test,2017-540,1,182,3,1.0,0.8689193258631672
test,2017-540,1,182,4,0.0,0.5167968159287215
test,2017-540,1,182,5,0.0,0.3481291938753183
test,2017-540,1,182,6,0.0,0.052306178974796724
test,2017-540,1,182,7,1.0,0.8490279417008035
test,2017-540,1,182,8,1.0,0.5735181189050403
test,2017-540,1,182,9,1.0,0.5449509330799015
test,2017-540,1,182,10,0.0,0.8433715819682535
test,2017-540,1,182,11,1.0,0.5096384805083792
test,2017-540,1,182,12,0.0,0.45914136490635743
test,2017-540,1,182,13,1.0,0.34344049691268436
test,2017-540,1,182,14,0.0,0.04765185327005728
test,2017-540,1,182,15,0.0,0.5053083759078988
test,2017-540,1,182,16,0.0,0.9113827863211098
test,2017-540,1,182,17,1.0,0.8979307758024515
test,2017-540,1,182,18,0.0,0.2739791465909202
test,2017-540,1,182,19,1.0,0.5821903757979847
test,2017-540,1,182,20,0.0,0.44409653691228934
test,2017-540,1,182,21,1.0,0.7685774474674196
test,2017-540,1,182,22,0.0,0.19124604075552426
test,2017-540,1,182,23,1.0,0.663656504317498
test,2017-540,1,182,24,0.0,0.7870560729451636
test,2017-540,1,182,25,1.0,0.8187540882315185
test,2017-540,1,182,26,1.0,0.6613107577594622
test,2017-540,1,182,27,0.0,0.5347884099006684
test,2017-540,1,182,28,0.0,0.027503130359888977
test,2017-540,1,182,29,0.0,0.03662395529791016
test,2017-540,1,182,30,0.0,0.6049372766250087
test,2017-540,1,182,31,1.0,0.39792260125309986
test,2017-540,1,182,32,1.0,0.9282551754645231
test,2017-540,1,182,33,1.0,0.8906677455574669
test,2017-540,1,182,34,0.0,0.26016095716098525
test,2017-540,1,182,35,1.0,0.8728619287479429
test,2017-540,1,182,36,0.0,0.2287667226662557
test,2017-540,1,182,37,1.0,0.21402857079245124
test,2017-540,1,182,38,0.0,0.5736740894619811
test,2017-540,1,182,39,0.0,0.2206874745046889
test,2017-540,1,182,40,0.0,0.10917961102395085
test,2017-540,1,182,41,1.0,0.33418371474842895
test,2017-540,1,182,42,1.0,0.4048037638599328
test,2017-540,1,182,43,1.0,0.5910560889047995
test,2017-540,1,182,44,1.0,0.35403165402687986
test,2017-540,1,182,45,0.0,0.5693192356388097
test,2017-540,1,182,46,0.0,0.15072818665018128
test,2017-540,1,182,47,0.0,0.1750115251356314
test,2017-540,1,182,48,0.0,0.21127906516295808
test,2017-540,1,182,49,0.0,0.4711702268992593
test,2017-540,1,182,50,1.0,0.43783569860531607
test,2017-540,1,182,51,0.0,0.03372074959662657
test,2017-540,1,182,52,1.0,0.5719688410204395
test,2017-540,1,182,53,1.0,0.8220530368312307
test,2017-540,1,182,54,1.0,0.18295982140459652
test,2017-540,1,182,55,1.0,0.8161606594482858
test,2017-540,1,182,56,0.0,0.6572197375972096
test,2017-540,1,182,57,1.0,0.6129983484366327
test,2017-540,1,182,58,1.0,0.15770481027324199
test,2017-540,1,182,59,1.0,0.8498184930053861
test,2017-540,1,182,60,0.0,0.8185913419905748
test,2017-540,1,182,61,1.0,0.4980688027468043
test,2017-540,1,182,62,0.0,0.09628080158220337
test,2017-540,1,182,63,1.0,0.3642845273773815
test,2017-540,2,183,0,1.0,0.7734654171435934
test,2017-540,2,183,1,0.0,0.23294218853703227
test,2017-540,2,183,2,1.0,0.1228908223838898
test,2017-540,2,183,3,0.0,0.4071728615144032
test,2017-540,2,183,4,1.0,0.9566932343835525
test,2017-540,2,183,5,1.0,0.23724885062850723
test,2017-540,2,183,6,0.0,0.06817500180490622
test,2017-540,2,183,7,0.0,0.04945945713963558
test,2017-540,2,183,8,1.0,0.7971575975297107
test,2017-540,2,183,9,1.0,0.6143019122016737
test,2017-540,2,183,10,1.0,0.5924736573506809
test,2017-540,2,183,11,0.0,0.4580894055012081
test,2017-540,2,183,12,0.0,0.16224838550800116
test,2017-540,2,183,13,0.0,0.06039168226725091
test,2017-540,2,183,14,1.0,0.8568238796753249
test,2017-540,2,183,15,0.0,0.1790442914350112
test,2017-540,2,183,16,0.0,0.17734890733966974
test,2017-540,2,183,17,1.0,0.8352838995057968
test,2017-540,2,183,18,0.0,0.3805337945649541
test,2017-540,2,183,19,0.0,0.6295737929587235
test,2017-540,2,183,20,0.0,0.12516023102314613
test,2017-540,2,183,21,1.0,0.9353182936331634
test,2017-540,2,183,22,1.0,0.28446997807763846
test,2017-540,2,183,23,1.0,0.541183642958101
test,2017-540,2,183,24,1.0,0.7729648802806195
test,2017-540,2,183,25,0.0,0.6928423714233254
test,2017-540,2,183,26,1.0,0.3668719131650369
test,2017-540,2,183,27,0.0,0.24453664944223424
test,2017-540,2,183,28,1.0,0.7807072525772477
test,2017-540,2,183,29,1.0,0.9148532598822572
test,2017-540,2,183,30,1.0,0.5310308448186012
test,2017-540,2,183,31,0.0,0.03425668211288201
test,2017-540,3,184,0,0.0,0.4269191926732955
test,2017-540,3,184,1,0.0,0.4442038371167905
test,2017-540,3,184,2,0.0,0.05040221740745885
test,2017-540,3,184,3,0.0,0.8358371939023391
test,2017-540,3,184,4,0.0,0.141172549303263
test,2017-540,3,184,5,0.0,0.030691738811380962
test,2017-540,3,184,6,1.0,0.8685243340983079
test,2017-540,3,184,7,1.0,0.7983584806061674
test,2017-540,3,184,8,1.0,0.7921308064936543
test,2017-540,3,184,9,0.0,0.13544032662264877
test,2017-540,3,184,10,1.0,0.3589312116774807
test,2017-540,3,184,11,1.0,0.6961572789246977
test,2017-540,3,184,12,1.0,0.854551821976961
test,2017-540,3,184,13,0.0,0.11935167885354289
test,2017-540,3,184,14,1.0,0.19947852873699762
test,2017-540,3,184,15,0.0,0.0327364682109289
test,2017-540,4,185,0,0.0,0.042813094773823175
test,2017-540,4,185,1,1.0,0.5413673874845821
test,2017-540,4,185,2,1.0,0.7698266446921455
test,2017-540,4,185,3,1.0,0.6300752923576604
test,2017-540,4,185,4,0.0,0.21365963603591973
test,2017-540,4,185,5,0.0,0.814175849604044
test,2017-540,4,185,6,1.0,0.43672962621827016
test,2017-540,4,185,7,1.0,0.9251970411971364
test,2017-540,5,186,0,0.0,0.7769761757686103
test,2017-540,5,186,1,0.0,0.09379642502670554
test,2017-540,5,186,2,0.0,0.09983986753203357
test,2017-540,5,186,3,1.0,0.04802335751855391
test,2017-540,6,187,0,1.0,0.6298442721727058
test,2017-540,6,187,1,0.0,0.17350322972182586
test,2017-540,7,188,0,1.0,0.5680966766878616
test,2017-560,1,189,0,1.0,0.9572449855217154
test,2017-560,1,189,1,0.0,0.3769160102688384
test,2017-560,1,189,2,0.0,0.04870386459042251
test,2017-560,1,189,3,0.0,0.39642828764590293
test,2017-560,1,189,4,0.0,0.5146182224839335
test,2017-560,1,189,5,0.0,0.3986766554098647
test,2017-560,1,189,6,1.0,0.10972749961642518
test,2017-560,1,189,7,1.0,0.4937245670060011
test,2017-560,1,189,8,1.0,0.4883334325967696
test,2017-560,1,189,9,0.0,0.30409479699702147
test,2017-560,1,189,10,0.0,0.17433250995422142
test,2017-560,1,189,11,0.0,0.23934141021548624
test,2017-560,1,189,12,1.0,0.9721363434418502
test,2017-560,1,189,13,0.0,0.0858015834166785
test,2017-560,1,189,14,1.0,0.46497376582372923
test,2017-560,1,189,15,1.0,0.6587160148543676
test,2017-560,1,189,16,0.0,0.33995174289600333
test,2017-560,1,189,17,0.0,0.15375903080324646
test,2017-560,1,189,18,1.0,0.8258189772433829
test,2017-560,1,189,19,0.0,0.4554469142065782
test,2017-560,1,189,20,1.0,0.8421266381877056
test,2017-560,1,189,21,1.0,0.8629173860791975
test,2017-560,1,189,22,0.0,0.3685110794952355
test,2017-560,1,189,23,0.0,0.22215582882984494
test,2017-560,1,189,24,1.0,0.16359713687983607
test,2017-560,1,189,25,0.0,0.8788117087492642
test,2017-560,1,189,26,1.0,0.6233616814904579
test,2017-560,1,189,27,1.0,0.4833085903195643
test,2017-560,1,189,28,1.0,0.9465552927632039
test,2017-560,1,189,29,1.0,0.4906020204503747
test,2017-560,1,189,30,0.0,0.5478518088820834
test,2017-560,1,189,31,1.0,0.19742544398921663
test,2017-560,1,189,32,1.0,0.8382041804981776
test,2017-560,1,189,33,1.0,0.8990484464889106
test,2017-560,1,189,34,0.0,0.4269269638895987
test,2017-560,1,189,35,0.0,0.8703867944613842
test,2017-560,1,189,36,0.0,0.6450246641072203
test,2017-560,1,189,37,1.0,0.5119590358915658
test,2017-560,1,189,38,0.0,0.26282932065226666
test,2017-560,1,189,39,0.0,0.131551216455033
test,2017-560,1,189,40,0.0,0.5279263466560771
test,2017-560,1,189,41,1.0,0.6848851015333196
test,2017-560,1,189,42,1.0,0.46683892089993756
test,2017-560,1,189,43,0.0,0.5238846985742912
test,2017-560,1,189,44,1.0,0.5004087858145999
test,2017-560,1,189,45,1.0,0.2964851177649934
test,2017-560,1,189,46,0.0,0.05010440090973698
test,2017-560,1,189,47,0.0,0.07805902023066298
test,2017-560,1,189,48,1.0,0.4925311519045279
test,2017-560,1,189,49,0.0,0.5164292918874485
test,2017-560,1,189,50,1.0,0.9414758265053248
test,2017-560,1,189,51,1.0,0.6845676793315213
test,2017-560,1,189,52,0.0,0.5968788511435067
test,2017-560,1,189,53,1.0,0.43257523939975395
test,2017-560,1,189,54,0.0,0.5555251011902954
test,2017-560,1,189,55,1.0,0.8094004518132095
test,2017-560,1,189,56,1.0,0.6607888139051729
test,2017-560,1,189,57,1.0,0.7758939198384519
test,2017-560,1,189,58,0.0,0.07854745716148981
test,2017-560,1,189,59,1.0,0.3061436006043539
test,2017-560,1,189,60,0.0,0.6273532826699332
test,2017-560,1,189,61,1.0,0.3396831323939815
test,2017-560,1,189,62,1.0,0.5041182948174215
test,2017-560,1,189,63,1.0,0.5231183543905511
test,2017-560,2,190,0,0.0,0.4791609279354303
test,2017-560,2,190,1,1.0,0.7458612402118232
test,2017-560,2,190,2,0.0,0.635566895330412
test,2017-560,2,190,3,1.0,0.43186239831863577
test,2017-560,2,190,4,0.0,0.10664167792845917
test,2017-560,2,190,5,0.0,0.14206717270817962
test,2017-560,2,190,6,0.0,0.917362869888362
test,2017-560,2,190,7,1.0,0.4530350547317383
test,2017-560,2,190,8,0.0,0.3982123495675619
test,2017-560,2,190,9,0.0,0.3293808441854729
test,2017-560,2,190,10,0.0,0.452139377813134
test,2017-560,2,190,11,0.0,0.7449563477759509
test,2017-560,2,190,12,1.0,0.72654446680044
test,2017-560,2,190,13,0.0,0.07410588282183812
test,2017-560,2,190,14,0.0,0.19317116791959774
test,2017-560,2,190,15,1.0,0.7802206217792771
test,2017-560,2,190,16,0.0,0.33573959238815765
test,2017-560,2,190,17,1.0,0.48816733261078865
test,2017-560,2,190,18,0.0,0.28498995755595896
test,2017-560,2,190,19,0.0,0.3880509678698983
test,2017-560,2,190,20,0.0,0.05610479659725513
test,2017-560,2,190,21,1.0,0.08572916169530015
test,2017-560,2,190,22,1.0,0.7103611287684335
test,2017-560,2,190,23,1.0,0.5821202053894198
test,2017-560,2,190,24,0.0,0.11769193999313418
test,2017-560,2,190,25,0.0,0.8435694680837756
test,2017-560,2,190,26,1.0,0.6947198186490113
test,2017-560,2,190,27,0.0,0.5964518710307758
test,2017-560,2,190,28,0.0,0.16137658836909957
test,2017-560,2,190,29,1.0,0.5777253916074635
test,2017-560,2,190,30,0.0,0.03818825945601271
test,2017-560,2,190,31,1.0,0.8663911895492964
test,2017-560,3,191,0,0.0,0.32012027526525944
test,2017-560,3,191,1,1.0,0.937181455437857
test,2017-560,3,191,2,0.0,0.8343960144730004
test,2017-560,3,191,3,1.0,0.4960888464436863
test,2017-560,3,191,4,1.0,0.48541223508484316
test,2017-560,3,191,5,0.0,0.14006046150328685
test,2017-560,3,191,6,0.0,0.7257512276069166
test,2017-560,3,191,7,1.0,0.8210247021795487
test,2017-560,3,191,8,1.0,0.6706213294426002
test,2017-560,3,191,9,0.0,0.5096714768654873
test,2017-560,3,191,10,0.0,0.30512223902953495
test,2017-560,3,191,11,1.0,0.901285599396832
test,2017-560,3,191,12,0.0,0.565536227826795
test,2017-560,3,191,13,0.0,0.6533526394265137
test,2017-560,3,191,14,1.0,0.32367306269817936
test,2017-560,3,191,15,1.0,0.5889619206028343
test,2017-560,4,192,0,1.0,0.6715032483771896
test,2017-560,4,192,1,1.0,0.5074800814318047
test,2017-560,4,192,2,1.0,0.7828088822699578
test,2017-560,4,192,3,1.0,0.6362516853758319
test,2017-560,4,192,4,1.0,0.3505020267240286
test,2017-560,4,192,5,0.0,0.049312732779620644
test,2017-560,4,192,6,0.0,0.6859135480671508
test,2017-560,4,192,7,0.0,0.05358680785870021
test,2017-560,5,193,0,0.0,0.5076839399616565
test,2017-560,5,193,1,1.0,0.6040074864967452
test,2017-560,5,193,2,0.0,0.8867187925520761
test,2017-560,5,193,3,0.0,0.05122915375155033
test,2017-560,6,194,0,1.0,0.7206299227039826
test,2017-560,6,194,1,0.0,0.06831640726825064
test,2017-560,7,195,0,0.0,0.10509808309855306
test,2018-580,1,196,0,1.0,0.9638553550834461
test,2018-580,1,196,1,1.0,0.35935730407077826
test,2018-580,1,196,2,1.0,0.3713564386831325
test,2018-580,1,196,3,0.0,0.2623159205636021
test,2018-580,1,196,4,1.0,0.6139892070533874
test,2018-580,1,196,5,1.0,0.14573899499613918
test,2018-580,1,196,6,1.0,0.940886201115932
test,2018-580,1,196,7,1.0,0.8631796497688027
test,2018-580,1,196,8,1.0,0.8077419251221793
test,2018-580,1,196,9,0.0,0.08436932576730992
test,2018-580,1,196,10,1.0,0.08627346417070439
test,2018-580,1,196,11,0.0,0.28990786998565965
test,2018-580,1,196,12,0.0,0.08614639806473359
test,2018-580,1,196,13,1.0,0.8286530081351424
test,2018-580,1,196,14,0.0,0.4700288082515191
test,2018-580,1,196,15,1.0,0.2827319435754992
test,2018-580,1,196,16,1.0,0.44429242064265045
test,2018-580,1,196,17,1.0,0.7531536568132793
test,2018-580,1,196,18,0.0,0.19439319487276058
test,2018-580,1,196,19,1.0,0.9044403895900183
test,2018-580,1,196,20,1.0,0.8786971691865328
test,2018-580,1,196,21,0.0,0.9354973776990912
test,2018-580,1,196,22,0.0,0.22500167959796588
test,2018-580,1,196,23,0.0,0.672499893777366
test,2018-580,1,196,24,0.0,0.35269517632355457
test,2018-580,1,196,25,1.0,0.4310916298221651
test,2018-580,1,196,26,0.0,0.6560671079911442
test,2018-580,1,196,27,1.0,0.8813538968195919
test,2018-580,1,196,28,1.0,0.944233853497409
test,2018-580,1,196,29,0.0,0.2601444024790443
test,2018-580,1,196,30,0.0,0.4010677074117009
test,2018-580,1,196,31,1.0,0.9000197897482507
test,2018-580,1,196,32,0.0,0.5183877175755005
test,2018-580,1,196,33,0.0,0.5907074875621965
test,2018-580,1,196,34,0.0,0.09525027870936736
test,2018-580,1,196,35,1.0,0.09419327179246742
test,2018-580,1,196,36,0.0,0.1413274702887106
test,2018-580,1,196,37,1.0,0.4614189198971196
test,2018-580,1,196,38,0.0,0.5142413833232765
test,2018-580,1,196,39,1.0,0.846899785400345
test,2018-580,1,196,40,1.0,0.5419782038887365
test,2018-580,1,196,41,1.0,0.3847063977055694
test,2018-580,1,196,42,0.0,0.03815963392466108
test,2018-580,1,196,43,1.0,0.7006443127252672
test,2018-580,1,196,44,0.0,0.3782605941481054
test,2018-580,1,196,45,1.0,0.7206028602511364
test,2018-580,1,196,46,1.0,0.9293846887234515
test,2018-580,1,196,47,0.0,0.0897165862458773
test,2018-580,1,196,48,1.0,0.27898327698216163
test,2018-580,1,196,49,1.0,0.31512100536994647
test,2018-580,1,196,50,1.0,0.3488036305620478
test,2018-580,1,196,51,1.0,0.8332125658098678
test,2018-580,1,196,52,0.0,0.514406788325071
test,2018-580,1,196,53,1.0,0.7564498995015305
test,2018-580,1,196,54,1.0,0.9166658397878608
test,2018-580,1,196,55,0.0,0.4773818733936291
test,2018-580,1,196,56,1.0,0.34484430173930886
test,2018-580,1,196,57,0.0,0.7598133323168966
test,2018-580,1,196,58,1.0,0.9444053323292736
test,2018-580,1,196,59,1.0,0.9639500387679188
test,2018-580,1,196,60,1.0,0.9503996028748705
test,2018-580,1,196,61,0.0,0.5221671725322838
test,2018-580,1,196,62,1.0,0.48469922845046576
test,2018-580,1,196,63,1.0,0.14277501716424884
test,2018-580,2,197,0,1.0,0.7501594460321068
test,2018-580,2,197,1,0.0,0.7438981127574449
test,2018-580,2,197,2,0.0,0.9423055134615065
test,2018-580,2,197,3,0.0,0.06004025674198468
test,2018-580,2,197,4,1.0,0.5864927564966292
test,2018-580,2,197,5,1.0,0.07082160141089566
test,2018-580,2,197,6,1.0,0.22728667065046915
test,2018-580,2,197,7,0.0,0.1739759903632076
test,2018-580,2,197,8,1.0,0.8544656767100363
test,2018-580,2,197,9,0.0,0.4710815281032337
test,2018-580,2,197,10,0.0,0.3623266247742769
test,2018-580,2,197,11,0.0,0.16204530512757387
test,2018-580,2,197,12,0.0,0.1374208023874775
test,2018-580,2,197,13,0.0,0.19269094054231495
test,2018-580,2,197,14,1.0,0.7416808212319972
test,2018-580,2,197,15,1.0,0.5517736715132497
test,2018-580,2,197,16,1.0,0.4372782180623257
test,2018-580,2,197,17,1.0,0.7989891556898072
test,2018-580,2,197,18,1.0,0.671111654827905
test,2018-580,2,197,19,1.0,0.5628317866618949
test,2018-580,2,197,20,1.0,0.902355937883547
test,2018-580,2,197,21,1.0,0.8006790562625248
test,2018-580,2,197,22,1.0,0.4789015425900161
test,2018-580,2,197,23,1.0,0.7226233868163329
test,2018-580,2,197,24,0.0,0.5055919803871524
test,2018-580,2,197,25,1.0,0.9148707729597627
test,2018-580,2,197,26,0.0,0.21655061082517882
test,2018-580,2,197,27,0.0,0.5095914142878938
test,2018-580,2,197,28,1.0,0.6883083855135586
test,2018-580,2,197,29,1.0,0.9706946312738429
test,2018-580,2,197,30,0.0,0.028520510564174772
test,2018-580,2,197,31,0.0,0.1243029059276214
test,2018-580,3,198,0,0.0,0.28399000904740684
test,2018-580,3,198,1,0.0,0.4178924537076576
test,2018-580,3,198,2,0.0,0.0967271952067036
test,2018-580,3,198,3,0.0,0.418156967219858
test,2018-580,3,198,4,0.0,0.2962424068792624
test,2018-580,3,198,5,0.0,0.7205095774815659
test,2018-580,3,198,6,0.0,0.028529684731263476
test,2018-580,3,198,7,0.0,0.48311564901114384
test,2018-580,3,198,8,0.0,0.270695032417728
test,2018-580,3,198,9,1.0,0.45959696810905304
test,2018-580,3,198,10,1.0,0.6979400013389043
test,2018-580,3,198,11,0.0,0.626777909472045
test,2018-580,3,198,12,1.0,0.7989207497554108
test,2018-580,3,198,13,0.0,0.0967580914851754
test,2018-580,3,198,14,1.0,0.509279332862361
test,2018-580,3,198,15,1.0,0.9330980446527989
test,2018-580,4,199,0,0.0,0.03050466813418208
test,2018-580,4,199,1,1.0,0.733393404348449
test,2018-580,4,199,2,1.0,0.03902920822615227
test,2018-580,4,199,3,0.0,0.8501214706952599
test,2018-580,4,199,4,1.0,0.37701535713216194
test,2018-580,4,199,5,1.0,0.6119936958912962
test,2018-580,4,199,6,1.0,0.6805421906684304
test,2018-580,4,199,7,0.0,0.055755192683822806
test,2018-580,5,200,0,1.0,0.6789940810082282
test,2018-580,5,200,1,0.0,0.2033327427803976
test,2018-580,5,200,2,0.0,0.7920253403782456
test,2018-580,5,200,3,1.0,0.11096359328170886
test,2018-580,6,201,0,1.0,0.9169592908496563
test,2018-580,6,201,1,1.0,0.8023539253181405
test,2018-580,7,202,0,1.0,0.6608982066556951
test,2018-520,1,203,0,0.0,0.2933716008125073
test,2018-520,1,203,1,0.0,0.6129919120341858
test,2018-520,1,203,2,1.0,0.5690221841877549
test,2018-520,1,203,3,0.0,0.7325373879323205
test,2018-520,1,203,4,0.0,0.22804933521912377
test,2018-520,1,203,5,1.0,0.5098768297982801
test,2018-520,1,203,6,1.0,0.90791535475566
test,2018-520,1,203,7,0.0,0.12450623599218587
test,2018-520,1,203,8,0.0,0.3275912643855803
test,2018-520,1,203,9,1.0,0.31579930211169
test,2018-520,1,203,10,1.0,0.8025969679052699
test,2018-520,1,203,11,0.0,0.47354264581516553
test,2018-520,1,203,12,0.0,0.5371542884752468
test,2018-520,1,203,13,0.0,0.038108873036551534
test,2018-520,1,203,14,0.0,0.07695317691068901
test,2018-520,1,203,15,1.0,0.25988966139423547
test,2018-520,1,203,16,0.0,0.39502243737143405
test,2018-520,1,203,17,0.0,0.6617203617300045
test,2018-520,1,203,18,1.0,0.32386418692549274
test,2018-520,1,203,19,0.0,0.48862134794817214
test,2018-520,1,203,20,1.0,0.46058111156919446
test,2018-520,1,203,21,1.0,0.8957470639156844
test,2018-520,1,203,22,0.0,0.8731594204506684
test,2018-520,1,203,23,1.0,0.6403710400363746
test,2018-520,1,203,24,0.0,0.5385160245683664
test,2018-520,1,203,25,0.0,0.22906963602025288
test,2018-520,1,203,26,0.0,0.4327956385326272
test,2018-520,1,203,27,0.0,0.39960278190846676
test,2018-520,1,203,28,1.0,0.9536061322227836
test,2018-520,1,203,29,1.0,0.8888349411583313
test,2018-520,1,203,30,1.0,0.6003228125447571
test,2018-520,1,203,31,0.0,0.36056468573521494
test,2018-520,1,203,32,1.0,0.4239459779679848
test,2018-520,1,203,33,1.0,0.9122397847020449
test,2018-520,1,203,34,1.0,0.6721413385849386
test,2018-520,1,203,35,0.0,0.2356751150507736
test,2018-520,1,203,36,0.0,0.16427322219596488
test,2018-520,1,203,37,0.0,0.20489480863850176
test,2018-520,1,203,38,0.0,0.5284325360241522
test,2018-520,1,203,39,0.0,0.4333150008448553
test,2018-520,1,203,40,1.0,0.7381063599620632
test,2018-520,1,203,41,1.0,0.6972279024032845
test,2018-520,1,203,42,1.0,0.7765209010692021
test,2018-520,1,203,43,0.0,0.06684890167637689
test,2018-520,1,203,44,0.0,0.42493913796706484
test,2018-520,1,203,45,1.0,0.4579631846059962
test,2018-520,1,203,46,0.0,0.35382600419103033
test,2018-520,1,203,47,0.0,0.04066307706796704
test,2018-520,1,203,48,1.0,0.9104914487220379
test,2018-520,1,203,49,1.0,0.13228892674982942
test,2018-520,1,203,50,1.0,0.3450403227952517
test,2018-520,1,203,51,1.0,0.5945158925595618
test,2018-520,1,203,52,1.0,0.14111684344011338
test,2018-520,1,203,53,0.0,0.09806486252718787
test,2018-520,1,203,54,1.0,0.20869395216942593
test,2018-520,1,203,55,1.0,0.4140847868961303
test,2018-520,1,203,56,0.0,0.46105704782325263
test,2018-520,1,203,57,0.0,0.19448258075372094
test,2018-520,1,203,58,1.0,0.7931454012802043
test,2018-520,1,203,59,1.0,0.26352409229555984
test,2018-520,1,203,60,1.0,0.05486785364976661
test,2018-520,1,203,61,0.0,0.03185266602548705
test,2018-520,1,203,62,1.0,0.9040260623187278
test,2018-520,1,203,63,0.0,0.13450198100068514
test,2018-520,2,204,0,0.0,0.13807994121933964
test,2018-520,2,204,1,0.0,0.2997419426294636
test,2018-520,2,204,2,0.0,0.2475254327637809
test,2018-520,2,204,3,0.0,0.026182500586673676
test,2018-520,2,204,4,1.0,0.8072407982109887
test,2018-520,2,204,5,1.0,0.44140874960536935
test,2018-520,2,204,6,1.0,0.41403891812029164
test,2018-520,2,204,7,0.0,0.3489380259585085
test,2018-520,2,204,8,1.0,0.33012216440106856
test,2018-520,2,204,9,0.0,0.18019122008176708
test,2018-520,2,204,10,1.0,0.4700116103844059
test,2018-520,2,204,11,1.0,0.9340235578702564
test,2018-520,2,204,12,0.0,0.17559587276659616
test,2018-520,2,204,13,0.0,0.26261825720456256
test,2018-520,2,204,14,1.0,0.6992329473830322
test,2018-520,2,204,15,1.0,0.7802170989621812
test,2018-520,2,204,16,0.0,0.6563559840834874
test,2018-520,2,204,17,0.0,0.15519217874625768
test,2018-520,2,204,18,1.0,0.8375541894887925
test,2018-520,2,204,19,1.0,0.7985205125748616
test,2018-520,2,204,20,1.0,0.4202802616418803
test,2018-520,2,204,21,1.0,0.9114189799109668
test,2018-520,2,204,22,0.0,0.31667663652228134
test,2018-520,2,204,23,0.0,0.4274625216748968
test,2018-520,2,204,24,1.0,0.7507446561988232
test,2018-520,2,204,25,1.0,0.7031705333919893
test,2018-520,2,204,26,0.0,0.5058721970056311
test,2018-520,2,204,27,1.0,0.4657554447595541
test,2018-520,2,204,28,1.0,0.8785340885101649
test,2018-520,2,204,29,0.0,0.12235557095319893
test,2018-520,2,204,30,0.0,0.1044680978890341
test,2018-520,2,204,31,0.0,0.03707654563487455
test,2018-520,3,205,0,0.0,0.3040337858989079
test,2018-520,3,205,1,0.0,0.18799347695227941
test,2018-520,3,205,2,1.0,0.8646384763942947
test,2018-520,3,205,3,1.0,0.5245176029609914
test,2018-520,3,205,4,1.0,0.9023318615397067
test,2018-520,3,205,5,0.0,0.6141066301642073
test,2018-520,3,205,6,1.0,0.9003762571740377
test,2018-520,3,205,7,0.0,0.7643356484959429
test,2018-520,3,205,8,0.0,0.6882610643183273
test,2018-520,3,205,9,1.0,0.7216911426705352
test,2018-520,3,205,10,1.0,0.7529377147842635
test,2018-520,3,205,11,1.0,0.6323203215481733
test,2018-520,3,205,12,1.0,0.7261815485804743
test,2018-520,3,205,13,1.0,0.8447833583919504
test,2018-520,3,205,14,0.0,0.6808588111083287
test,2018-520,3,205,15,0.0,0.09743912600893678
test,2018-520,4,206,0,0.0,0.23042830975315234
test,2018-520,4,206,1,0.0,0.43786814375935357
test,2018-520,4,206,2,0.0,0.04637732401574076
test,2018-520,4,206,3,0.0,0.8621165368809235
test,2018-520,4,206,4,0.0,0.39033878965534785
test,2018-520,4,206,5,0.0,0.2523303918282657
test,2018-520,4,206,6,0.0,0.7340078728558049
test,2018-520,4,206,7,0.0,0.033058867381561864
test,2018-520,5,207,0,0.0,0.5789514947460396
test,2018-520,5,207,1,1.0,0.03770128419830373
test,2018-520,5,207,2,1.0,0.4250810389371446
test,2018-520,5,207,3,0.0,0.046456289165569604
test,2018-520,6,208,0,1.0,0.8802992821629892
test,2018-520,6,208,1,1.0,0.9303138658891897
test,2018-520,7,209,0,0.0,0.08970550322689716
test,2018-540,1,210,0,1.0,0.5615386557473158
test,2018-540,1,210,1,0.0,0.4768302675179525
test,2018-540,1,210,2,0.0,0.34756472339514854
test,2018-540,1,210,3,1.0,0.2754655025658991
test,2018-540,1,210,4,1.0,0.4443749241435623
test,2018-540,1,210,5,1.0,0.2560225553759552
test,2018-540,1,210,6,0.0,0.09536190709172374
test,2018-540,1,210,7,0.0,0.05991999977747822
test,2018-540,1,210,8,1.0,0.5401641564259563
test,2018-540,1,210,9,0.0,0.5653753643288886
test,2018-540,1,210,10,0.0,0.23868956819242051
test,2018-540,1,210,11,1.0,0.5426802000304165
test,2018-540,1,210,12,1.0,0.5572973833156193
test,2018-540,1,210,13,0.0,0.37510687329117753
test,2018-540,1,210,14,1.0,0.9655153518735101
test,2018-540,1,210,15,0.0,0.1048895662319178
test,2018-540,1,210,16,0.0,0.13641949847475351
test,2018-540,1,210,17,1.0,0.9186368593008667
test,2018-540,1,210,18,1.0,0.665089685840728
test,2018-540,1,210,19,0.0,0.05090982367518847
test,2018-540,1,210,20,1.0,0.7427052712564368
test,2018-540,1,210,21,0.0,0.4039553695687795
test,2018-540,1,210,22,1.0,0.8793716895384417
test,2018-540,1,210,23,0.0,0.7298004112210901
test,2018-540,1,210,24,0.0,0.30953683179266395
test,2018-540,1,210,25,1.0,0.633575644483189
test,2018-540,1,210,26,1.0,0.8114405602518233
test,2018-540,1,210,27,1.0,0.3418985849191033
test,2018-540,1,210,28,0.0,0.2639122928590024
test,2018-540,1,210,29,0.0,0.23496811538015572
test,2018-540,1,210,30,0.0,0.0396250283110107
test,2018-540,1,210,31,1.0,0.45207058356548235
test,2018-540,1,210,32,0.0,0.47350967170102776
test,2018-540,1,210,33,0.0,0.5760216786115048
test,2018-540,1,210,34,0.0,0.7967269062981416
test,2018-540,1,210,35,1.0,0.6533873475349038
test,2018-540,1,210,36,0.0,0.6734528623605778
test,2018-540,1,210,37,1.0,0.18639878166993135
test,2018-540,1,210,38,0.0,0.23735731190703774
test,2018-540,1,210,39,0.0,0.5064548791693977
test,2018-540,1,210,40,1.0,0.631745343092747
test,2018-540,1,210,41,1.0,0.11227858102130397
test,2018-540,1,210,42,1.0,0.17350084042405087
test,2018-540,1,210,43,1.0,0.7167285771060516
test,2018-540,1,210,44,1.0,0.3777010608274425
test,2018-540,1,210,45,1.0,0.26252828455513555
test,2018-540,1,210,46,0.0,0.1533728012600219
test,2018-540,1,210,47,1.0,0.8117778025681552
test,2018-540,1,210,48,1.0,0.7546397234831839
test,2018-540,1,210,49,0.0,0.2564875936004752
test,2018-540,1,210,50,1.0,0.6422545524058935
test,2018-540,1,210,51,0.0,0.4687578868492364
test,2018-540,1,210,52,0.0,0.037374733641699166
test,2018-540,1,210,53,0.0,0.2950977359826401
test,2018-540,1,210,54,1.0,0.17781053560006777
test,2018-540,1,210,55,0.0,0.1782983050973272
test,2018-540,1,210,56,1.0,0.5136786945614829
test,2018-540,1,210,57,0.0,0.6722063231733808
test,2018-540,1,210,58,0.0,0.20640609738405977
test,2018-540,1,210,59,0.0,0.2763992825774522
test,2018-540,1,210,60,1.0,0.9536566690743002
test,2018-540,1,210,61,1.0,0.5527158435524897
test,2018-540,1,210,62,0.0,0.17195759416077924
test,2018-540,1,210,63,1.0,0.951441382378128
test,2018-540,2,211,0,0.0,0.03356344699267885
test,2018-540,2,211,1,0.0,0.20154538905522879
test,2018-540,2,211,2,0.0,0.15491489173600126
test,2018-540,2,211,3,0.0,0.5626785699949698
test,2018-540,2,211,4,0.0,0.04869987877395203
test,2018-540,2,211,5,1.0,0.48372731715901673
test,2018-540,2,211,6,1.0,0.7689651227680233
test,2018-540,2,211,7,0.0,0.4851446555297343
test,2018-540,2,211,8,0.0,0.4646727519613875
test,2018-540,2,211,9,0.0,0.18841993997150755
test,2018-540,2,211,10,1.0,0.8566142951783721
test,2018-540,2,211,11,0.0,0.318570126348072
test,2018-540,2,211,12,1.0,0.35873976059925766
test,2018-540,2,211,13,1.0,0.7659537896421651
test,2018-540,2,211,14,0.0,0.8632378118943932
test,2018-540,2,211,15,1.0,0.45751108385573375
test,2018-540,2,211,16,1.0,0.5184267863488904
test,2018-540,2,211,17,1.0,0.706329415807899
test,2018-540,2,211,18,0.0,0.12308376769521916
test,2018-540,2,211,19,0.0,0.7097506588659309
test,2018-540,2,211,20,1.0,0.47879911603378206
test,2018-540,2,211,21,1.0,0.03858099387798413
test,2018-540,2,211,22,1.0,0.7545433819282712
test,2018-540,2,211,23,1.0,0.3127845788837624
test,2018-540,2,211,24,1.0,0.8162627498597121
test,2018-540,2,211,25,0.0,0.5944743674905136
test,2018-540,2,211,26,1.0,0.6429155021935767
test,2018-540,2,211,27,1.0,0.6220932194655296
test,2018-540,2,211,28,0.0,0.3646154518685094
test,2018-540,2,211,29,0.0,0.046235252881134045
test,2018-540,2,211,30,0.0,0.5921537040806791
test,2018-540,2,211,31,1.0,0.9511994339346131
test,2018-540,3,212,0,1.0,0.7195627762824461
test,2018-540,3,212,1,0.0,0.5967197003781008
test,2018-540,3,212,2,0.0,0.05798743713051052
test,2018-540,3,212,3,1.0,0.5407145077719704
test,2018-540,3,212,4,1.0,0.8193720057598384
test,2018-540,3,212,5,1.0,0.0833743088348236
test,2018-540,3,212,6,1.0,0.6073645448250379
test,2018-540,3,212,7,0.0,0.09487501657159064
test,2018-540,3,212,8,1.0,0.7422393957199247
test,2018-540,3,212,9,0.0,0.5846868607053823
test,2018-540,3,212,10,1.0,0.844249809443885
test,2018-540,3,212,11,1.0,0.833433103028369
test,2018-540,3,212,12,0.0,0.5581964778774855
test,2018-540,3,212,13,0.0,0.3240444365751303
test,2018-540,3,212,14,0.0,0.4258807180977745
test,2018-540,3,212,15,0.0,0.04453953466201959
test,2018-540,4,213,0,1.0,0.9075458697045019
test,2018-540,4,213,1,0.0,0.3711379016894506
test,2018-540,4,213,2,0.0,0.18119166207329382
test,2018-540,4,213,3,0.0,0.05153444151393639
test,2018-540,4,213,4,1.0,0.7919799347631609
test,2018-540,4,213,5,1.0,0.8517494735742144
test,2018-540,4,213,6,1.0,0.4946652901686891
test,2018-540,4,213,7,1.0,0.9011884535640637
test,2018-540,5,214,0,0.0,0.18640011055571606
test,2018-540,5,214,1,1.0,0.8547446205995387
test,2018-540,5,214,2,0.0,0.43337488524653855
test,2018-540,5,214,3,0.0,0.7734250878589654
test,2018-540,6,215,0,0.0,0.44431872509792686
test,2018-540,6,215,1,1.0,0.403423047838503
test,2018-540,7,216,0,0.0,0.07647157162123736
test,2018-560,1,217,0,0.0,0.41117842612952854
test,2018-560,1,217,1,1.0,0.8706433724797865
test,2018-560,1,217,2,1.0,0.859708967670577
test,2018-560,1,217,3,0.0,0.7084628750148305
test,2018-560,1,217,4,0.0,0.46127764144007716
test,2018-560,1,217,5,1.0,0.8886602574005804
test,2018-560,1,217,6,0.0,0.3027304219683626
test,2018-560,1,217,7,0.0,0.4564601612704547
test,2018-560,1,217,8,0.0,0.42004555921053566
test,2018-560,1,217,9,1.0,0.47494974340535584
test,2018-560,1,217,10,1.0,0.9464545944751271
test,2018-560,1,217,11,1.0,0.5002844956365134
test,2018-560,1,217,12,0.0,0.056821420171835876
test,2018-560,1,217,13,1.0,0.8373126167084141
test,2018-560,1,217,14,1.0,0.6934827932981327
test,2018-560,1,217,15,0.0,0.21763723066884627
test,2018-560,1,217,16,1.0,0.26519398231535124
test,2018-560,1,217,17,1.0,0.17059004777602405
test,2018-560,1,217,18,0.0,0.7217507563193989
test,2018-560,1,217,19,1.0,0.5016073886099904
test,2018-560,1,217,20,1.0,0.9299098857978191
test,2018-560,1,217,21,0.0,0.7769811881656563
test,2018-560,1,217,22,0.0,0.30135155090554533
test,2018-560,1,217,23,0.0,0.4374492625739579
test,2018-560,1,217,24,1.0,0.815859670718099
test,2018-560,1,217,25,1.0,0.41457325583849736
test,2018-560,1,217,26,0.0,0.795739465200309
test,2018-560,1,217,27,0.0,0.5410668503024153
test,2018-560,1,217,28,0.0,0.04967242005542652
test,2018-560,1,217,29,0.0,0.02179931711757968
test,2018-560,1,217,30,1.0,0.8990700047743313
test,2018-560,1,217,31,1.0,0.43628056449312
test,2018-560,1,217,32,1.0,0.36197745531442044
test,2018-560,1,217,33,1.0,0.931337410030382
test,2018-560,1,217,34,0.0,0.39850522952806683
test,2018-560,1,217,35,1.0,0.7970602224354365
test,2018-560,1,217,36,0.0,0.09380226899603507
test,2018-560,1,217,37,0.0,0.30116854677875876
test,2018-560,1,217,38,0.0,0.22703174994522665
test,2018-560,1,217,39,0.0,0.1446097152353167
test,2018-560,1,217,40,0.0,0.4109128366572856
test,2018-560,1,217,41,0.0,0.38450172078838807
test,2018-560,1,217,42,1.0,0.3333847183065961
test,2018-560,1,217,43,0.0,0.15130801759685664
test,2018-560,1,217,44,1.0,0.7274011593084857
test,2018-560,1,217,45,0.0,0.7654069594015281
test,2018-560,1,217,46,1.0,0.4318935046169456
test,2018-560,1,217,47,1.0,0.971993826105993
test,2018-560,1,217,48,1.0,0.9113362984254098
test,2018-560,1,217,49,0.0,0.10277240880889223
test,2018-560,1,217,50,0.0,0.23791183784154482
test,2018-560,1,217,51,1.0,0.5823866731474673
test,2018-560,1,217,52,0.0,0.46930835792445563
test,2018-560,1,217,53,0.0,0.6383928107984638
test,2018-560,1,217,54,0.0,0.3067503390298122
test,2018-560,1,217,55,0.0,0.40275715908530163
test,2018-560,1,217,56,1.0,0.7655666147590193
test,2018-560,1,217,57,1.0,0.4869801533493896
test,2018-560,1,217,58,0.0,0.3779988763070557
test,2018-560,1,217,59,0.0,0.4969088520738803
test,2018-560,1,217,60,1.0,0.9371191518148708
test,2018-560,1,217,61,1.0,0.8631796449143987
test,2018-560,1,217,62,0.0,0.40732015226473817
test,2018-560,1,217,63,0.0,0.09075870003257708
test,2018-560,2,218,0,1.0,0.8137671009032476
test,2018-560,2,218,1,1.0,0.8856975522041752
test,2018-560,2,218,2,0.0,0.4182107963746372
test,2018-560,2,218,3,1.0,0.6098829966629046
test,2018-560,2,218,4,0.0,0.1371540030481434
test,2018-560,2,218,5,0.0,0.6758154909287902
test,2018-560,2,218,6,0.0,0.12012529019481503
test,2018-560,2,218,7,1.0,0.5845620240657627
test,2018-560,2,218,8,0.0,0.7716738555136294
test,2018-560,2,218,9,0.0,0.6312263651438926
test,2018-560,2,218,10,0.0,0.5601823786004031
test,2018-560,2,218,11,1.0,0.955651120132447
test,2018-560,2,218,12,1.0,0.3576575447036129
test,2018-560,2,218,13,0.0,0.4464342001417343
test,2018-560,2,218,14,0.0,0.04452343078214717
test,2018-560,2,218,15,0.0,0.4148124689381943
test,2018-560,2,218,16,0.0,0.33571392332827577
test,2018-560,2,218,17,1.0,0.875509774375818
test,2018-560,2,218,18,1.0,0.2916862123920253
test,2018-560,2,218,19,1.0,0.6935471003840611
test,2018-560,2,218,20,1.0,0.06956193281279077
test,2018-560,2,218,21,0.0,0.05089909030727392
test,2018-560,2,218,22,1.0,0.8188103705062093
test,2018-560,2,218,23,1.0,0.791958508445593
test,2018-560,2,218,24,1.0,0.5995614353256584
test,2018-560,2,218,25,0.0,0.12854090984492061
test,2018-560,2,218,26,1.0,0.48089180928717923
test,2018-560,2,218,27,1.0,0.30011376676114493
test,2018-560,2,218,28,1.0,0.9226825154513273
test,2018-560,2,218,29,0.0,0.0354494702379986
test,2018-560,2,218,30,1.0,0.7449490219790857
test,2018-560,2,218,31,0.0,0.024261388882173867
test,2018-560,3,219,0,1.0,0.7823480757088214
test,2018-560,3,219,1,0.0,0.4549492850330981
test,2018-560,3,219,2,1.0,0.8494886515944787
test,2018-560,3,219,3,0.0,0.5222955563594305
test,2018-560,3,219,4,1.0,0.3190912349281674
test,2018-560,3,219,5,1.0,0.9192824774196521
test,2018-560,3,219,6,0.0,0.7321374843208839
test,2018-560,3,219,7,0.0,0.17190449180629766
test,2018-560,3,219,8,0.0,0.0608244191960683
test,2018-560,3,219,9,1.0,0.46391592268152937
test,2018-560,3,219,10,0.0,0.11442031654619411
test,2018-560,3,219,11,1.0,0.6427847337003848
test,2018-560,3,219,12,1.0,0.7566046151685696
test,2018-560,3,219,13,0.0,0.3007825551394061
test,2018-560,3,219,14,0.0,0.08388619709733394
test,2018-560,3,219,15,0.0,0.03670087284383486
test,2018-560,4,220,0,0.0,0.9549833735918416
test,2018-560,4,220,1,0.0,0.03259487220109643
test,2018-560,4,220,2,0.0,0.19016494613503665
test,2018-560,4,220,3,1.0,0.7124330691591477
test,2018-560,4,220,4,1.0,0.31400087625878836
test,2018-560,4,220,5,0.0,0.13957225243777488
test,2018-560,4,220,6,1.0,0.48860442062597725
test,2018-560,4,220,7,1.0,0.9501038846238221
test,2018-560,5,221,0,0.0,0.031680728557357776
test,2018-560,5,221,1,0.0,0.5426522058490385
test,2018-560,5,221,2,1.0,0.5710576447242915
test,2018-560,5,221,3,0.0,0.06134817425618576
test,2018-560,6,222,0,1.0,0.8519431162472813
test,2018-560,6,222,1,0.0,0.7672423521754201
test,2018-560,7,223,0,1.0,0.7701077434780252
test,2019-580,1,224,0,1.0,0.10219576013566146
test,2019-580,1,224,1,0.0,0.07890648803141563
test,2019-580,1,224,2,1.0,0.753727940776139
test,2019-580,1,224,3,0.0,0.10306158215923203
test,2019-580,1,224,4,1.0,0.7167676184444488
test,2019-580,1,224,5,1.0,0.8833080154720605
test,2019-580,1,224,6,1.0,0.804864809745556
test,2019-580,1,224,7,0.0,0.36078615512401874
test,2019-580,1,224,8,0.0,0.40239744931254473
test,2019-580,1,224,9,1.0,0.794561620087776
test,2019-580,1,224,10,0.0,0.330180362105172
test,2019-580,1,224,11,1.0,0.6452530282297101
test,2019-580,1,224,12,0.0,0.7550120900815833
test,2019-580,1,224,13,1.0,0.707639421180579
test,2019-580,1,224,14,1.0,0.7853824748133567
test,2019-580,1,224,15,1.0,0.4562972970415779
test,2019-580,1,224,16,0.0,0.4429266324210683
test,2019-580,1,224,17,0.0,0.42570894706206996
test,2019-580,1,224,18,1.0,0.2204521984914995
test,2019-580,1,224,19,1.0,0.5931121332334442
test,2019-580,1,224,20,1.0,0.31852149131695073
test,2019-580,1,224,21,1.0,0.729442687419171
test,2019-580,1,224,22,1.0,0.6719005893336173
test,2019-580,1,224,23,1.0,0.40095882308332753
test,2019-580,1,224,24,0.0,0.48151756803685464
test,2019-580,1,224,25,0.0,0.5227600559873199
test,2019-580,1,224,26,1.0,0.8946957184560075
test,2019-580,1,224,27,1.0,0.6913948759532129
test,2019-580,1,224,28,1.0,0.6938764268829589
test,2019-580,1,224,29,0.0,0.4565889332344564
test,2019-580,1,224,30,1.0,0.5133494262725468
test,2019-580,1,224,31,1.0,0.6288120426372369
test,2019-580,1,224,32,0.0,0.37046912267394977
test,2019-580,1,224,33,0.0,0.3576421439312039
test,2019-580,1,224,34,0.0,0.8593394884302715
test,2019-580,1,224,35,1.0,0.9085857938450049
test,2019-580,1,224,36,1.0,0.3869232056612354
test,2019-580,1,224,37,0.0,0.3828308072613835
test,2019-580,1,224,38,0.0,0.19323778972505393
test,2019-580,1,224,39,0.0,0.27582949253980127
test,2019-580,1,224,40,0.0,0.12070331249913714
test,2019-580,1,224,41,0.0,0.33853237261157637
test,2019-580,1,224,42,1.0,0.6434853784542721
test,2019-580,1,224,43,0.0,0.9447281757084394
test,2019-580,1,224,44,1.0,0.9129499385057247
test,2019-580,1,224,45,1.0,0.5222675930432111
test,2019-580,1,224,46,0.0,0.023878462855968133
test,2019-580,1,224,47,1.0,0.8425988769416471
test,2019-580,1,224,48,0.0,0.03189732754260738
test,2019-580,1,224,49,1.0,0.7171172683919708
test,2019-580,1,224,50,1.0,0.39454089974990614
test,2019-580,1,224,51,1.0,0.14582267897330714
test,2019-580,1,224,52,0.0,0.16132713168709015
test,2019-580,1,224,53,0.0,0.022504830115158275
test,2019-580,1,224,54,1.0,0.7624626271921403
test,2019-580,1,224,55,0.0,0.05801441614187018
test,2019-580,1,224,56,1.0,0.7985911820695833
test,2019-580,1,224,57,1.0,0.9342737812080756
test,2019-580,1,224,58,0.0,0.5005764120575078
test,2019-580,1,224,59,0.0,0.10030189933088901
test,2019-580,1,224,60,1.0,0.9138176939226286
test,2019-580,1,224,61,0.0,0.2987896935276353
test,2019-580,1,224,62,1.0,0.47746015981367396
test,2019-580,1,224,63,0.0,0.1866020673614481
test,2019-580,2,225,0,0.0,0.1587719251631363
test,2019-580,2,225,1,1.0,0.6402837236840871
test,2019-580,2,225,2,0.0,0.2422516225980012
test,2019-580,2,225,3,1.0,0.8280100265446595
test,2019-580,2,225,4,0.0,0.19417080309959636
test,2019-580,2,225,5,0.0,0.15948734887698782
test,2019-580,2,225,6,1.0,0.47180707379947834
test,2019-580,2,225,7,1.0,0.5233866317422119
test,2019-580,2,225,8,0.0,0.24655176811308277
test,2019-580,2,225,9,1.0,0.7077584903055338
test,2019-580,2,225,10,1.0,0.8991254619498564
test,2019-580,2,225,11,0.0,0.13389423257956753
test,2019-580,2,225,12,0.0,0.16726993567567985
test,2019-580,2,225,13,0.0,0.15198585941210385
test,2019-580,2,225,14,0.0,0.12952113591147127
test,2019-580,2,225,15,1.0,0.618763967207878
test,2019-580,2,225,16,0.0,0.29090896129763416
test,2019-580,2,225,17,0.0,0.3127695210988127
test,2019-580,2,225,18,0.0,0.047537723469822366
test,2019-580,2,225,19,1.0,0.07267174300217646
test,2019-580,2,225,20,1.0,0.21468316912654342
test,2019-580,2,225,21,0.0,0.5488990563821746
test,2019-580,2,225,22,1.0,0.05848007505489945
test,2019-580,2,225,23,1.0,0.13068281934205228
test,2019-580,2,225,24,0.0,0.6275078339138888
test,2019-580,2,225,25,1.0,0.957593588521117
test,2019-580,2,225,26,1.0,0.8153852076528922
test,2019-580,2,225,27,1.0,0.9374198448033915
test,2019-580,2,225,28,1.0,0.9328937775008421
test,2019-580,2,225,29,1.0,0.5949020730007818
test,2019-580,2,225,30,1.0,0.5259262121213183
test,2019-580,2,225,31,1.0,0.5641890436517445
test,2019-580,3,226,0,0.0,0.15218985489819079
test,2019-580,3,226,1,0.0,0.10245353132510018
test,2019-580,3,226,2,1.0,0.7236317496738542
test,2019-580,3,226,3,0.0,0.09316832923907058
test,2019-580,3,226,4,0.0,0.5773679152124538
test,2019-580,3,226,5,0.0,0.0297389645323024
test,2019-580,3,226,6,1.0,0.8048316397957254
test,2019-580,3,226,7,0.0,0.043396292647334044
test,2019-580,3,226,8,0.0,0.6824695466228486
test,2019-580,3,226,9,1.0,0.5394408211786185
test,2019-580,3,226,10,0.0,0.18002731892127877
test,2019-580,3,226,11,1.0,0.45700162297966745
test,2019-580,3,226,12,1.0,0.35369643412576496
test,2019-580,3,226,13,1.0,0.9548730401816324
test,2019-580,3,226,14,0.0,0.27271083924744177
test,2019-580,3,226,15,1.0,0.7762765814449648
test,2019-580,4,227,0,0.0,0.23857699974013308
test,2019-580,4,227,1,1.0,0.20391746698262037
test,2019-580,4,227,2,0.0,0.04304404883342421
test,2019-580,4,227,3,1.0,0.48073616238853406
test,2019-580,4,227,4,1.0,0.24202905384668782
test,2019-580,4,227,5,1.0,0.4116318133455532
test,2019-580,4,227,6,0.0,0.9467025228839056
test,2019-580,4,227,7,1.0,0.8633758113930141
test,2019-580,5,228,0,1.0,0.42274198304277627
test,2019-580,5,228,1,0.0,0.7485043891450969
test,2019-580,5,228,2,0.0,0.09147977670019318
test,2019-580,5,228,3,0.0,0.042554096112008326
test,2019-580,6,229,0,0.0,0.05577781116462895
test,2019-580,6,229,1,1.0,0.9170861040799334
test,2019-580,7,230,0,1.0,0.6789256534081509
test,2019-520,1,231,0,0.0,0.06061372866514713
test,2019-520,1,231,1,0.0,0.41893761217515385
test,2019-520,1,231,2,1.0,0.43555884030529324
test,2019-520,1,231,3,1.0,0.7910574774783892
test,2019-520,1,231,4,1.0,0.666039799876252
test,2019-520,1,231,5,1.0,0.4290003442059308
test,2019-520,1,231,6,1.0,0.512699792996872
test,2019-520,1,231,7,0.0,0.14622744944793986
test,2019-520,1,231,8,0.0,0.2456869446773018
test,2019-520,1,231,9,1.0,0.5398011303723329
test,2019-520,1,231,10,1.0,0.4921849940633187
test,2019-520,1,231,11,0.0,0.5509440678858675
test,2019-520,1,231,12,1.0,0.8730922481715481
test,2019-520,1,231,13,1.0,0.33932366594675745
test,2019-520,1,231,14,1.0,0.8666702992062135
test,2019-520,1,231,15,0.0,0.04073907645260938
test,2019-520,1,231,16,1.0,0.5819968724796186
test,2019-520,1,231,17,0.0,0.3578360264220641
test,2019-520,1,231,18,0.0,0.4118747506068998
test,2019-520,1,231,19,1.0,0.8538519588977231
test,2019-520,1,231,20,1.0,0.848426150638903
test,2019-520,1,231,21,0.0,0.30944905105336756
test,2019-520,1,231,22,0.0,0.15198483717967876
test,2019-520,1,231,23,1.0,0.2750260851995527
test,2019-520,1,231,24,0.0,0.4291869362850075
test,2019-520,1,231,25,1.0,0.3523790260463401
test,2019-520,1,231,26,1.0,0.3042695043295619
test,2019-520,1,231,27,1.0,0.38462134211299304
test,2019-520,1,231,28,0.0,0.2295650815379666
test,2019-520,1,231,29,1.0,0.8728870337140708
test,2019-520,1,231,30,1.0,0.48313706093587616
test,2019-520,1,231,31,0.0,0.33220706775138464
test,2019-520,1,231,32,0.0,0.2902477231332882
test,2019-520,1,231,33,0.0,0.26722210665405294
test,2019-520,1,231,34,0.0,0.4996241999762537
test,2019-520,1,231,35,0.0,0.47605634088729026
test,2019-520,1,231,36,1.0,0.7719181788869948
test,2019-520,1,231,37,0.0,0.028020883500238125
test,2019-520,1,231,38,1.0,0.57555841821419
test,2019-520,1,231,39,0.0,0.4456062250899818
test,2019-520,1,231,40,0.0,0.5039124834414846
test,2019-520,1,231,41,1.0,0.244531029151146
test,2019-520,1,231,42,1.0,0.9659972824741795
test,2019-520,1,231,43,1.0,0.5720326687590597
test,2019-520,1,231,44,0.0,0.45930576131114687
test,2019-520,1,231,45,1.0,0.18594768526740657
test,2019-520,1,231,46,1.0,0.8885681249368985
test,2019-520,1,231,47,0.0,0.05179750321316729
test,2019-520,1,231,48,0.0,0.1645342875565149
test,2019-520,1,231,49,0.0,0.34898566881245874
test,2019-520,1,231,50,1.0,0.3064115879163366
test,2019-520,1,231,51,0.0,0.476803822862349
test,2019-520,1,231,52,0.0,0.27188673405524605
test,2019-520,1,231,53,0.0,0.38458354022267394
test,2019-520,1,231,54,0.0,0.6155692066606382
test,2019-520,1,231,55,1.0,0.29803679656661225
test,2019-520,1,231,56,0.0,0.25473844318375705
test,2019-520,1,231,57,0.0,0.38311832262252377
test,2019-520,1,231,58,1.0,0.6362636387634188
test,2019-520,1,231,59,0.0,0.07755848030045359
test,2019-520,1,231,60,0.0,0.7482464689502123
test,2019-520,1,231,61,0.0,0.5217623633557135
test,2019-520,1,231,62,0.0,0.028798763106207916
test,2019-520,1,231,63,0.0,0.3063592466285523
test,2019-520,2,232,0,0.0,0.6723783181804536
test,2019-520,2,232,1,1.0,0.9561191253197621
test,2019-520,2,232,2,1.0,0.8692204671824248
test,2019-520,2,232,3,0.0,0.8427407402695747
test,2019-520,2,232,4,0.0,0.5277823852837481
test,2019-520,2,232,5,0.0,0.42652556478686354
test,2019-520,2,232,6,0.0,0.15612415663520848
test,2019-520,2,232,7,0.0,0.36486372366826003
test,2019-520,2,232,8,1.0,0.8515300357497206
test,2019-520,2,232,9,1.0,0.9452073287635592
test,2019-520,2,232,10,0.0,0.57626414057151
test,2019-520,2,232,11,0.0,0.8968431381863083
test,2019-520,2,232,12,1.0,0.8588645330878115
test,2019-520,2,232,13,0.0,0.07487731261765956
test,2019-520,2,232,14,0.0,0.6946129141903495
test,2019-520,2,232,15,0.0,0.6981009710303363
test,2019-520,2,232,16,1.0,0.9150023832206163
test,2019-520,2,232,17,0.0,0.0954442343383904
test,2019-520,2,232,18,1.0,0.5179157249380344
test,2019-520,2,232,19,1.0,0.8980484399481209
test,2019-520,2,232,20,0.0,0.7891164328955412
test,2019-520,2,232,21,1.0,0.4735099200506943
test,2019-520,2,232,22,0.0,0.7391229924980808
test,2019-520,2,232,23,1.0,0.5394953140452353
test,2019-520,2,232,24,1.0,0.9002971253956537
test,2019-520,2,232,25,0.0,0.19771889186652783
test,2019-520,2,232,26,1.0,0.7647613187554848
test,2019-520,2,232,27,1.0,0.8543466902569001
test,2019-520,2,232,28,1.0,0.73496701987745
test,2019-520,2,232,29,0.0,0.03732816862835681
test,2019-520,2,232,30,0.0,0.7738196279811422
test,2019-520,2,232,31,0.0,0.16605858324862105
test,2019-520,3,233,0,0.0,0.4318953494280614
test,2019-520,3,233,1,1.0,0.8067853975670786
test,2019-520,3,233,2,1.0,0.708503016184191
test,2019-520,3,233,3,1.0,0.768629882330804
test,2019-520,3,233,4,0.0,0.33373166507867164
test,2019-520,3,233,5,0.0,0.084104791315787
test,2019-520,3,233,6,0.0,0.6435603105993795
test,2019-520,3,233,7,1.0,0.7602636848439239
test,2019-520,3,233,8,0.0,0.6512221829450408
test,2019-520,3,233,9,0.0,0.04495549709875423
test,2019-520,3,233,10,1.0,0.8886062207803301
test,2019-520,3,233,11,0.0,0.05189983744382829
test,2019-520,3,233,12,1.0,0.8190270122274148
test,2019-520,3,233,13,0.0,0.558810506183502
test,2019-520,3,233,14,1.0,0.9190327364592384
test,2019-520,3,233,15,0.0,0.6461175481091656
test,2019-520,4,234,0,1.0,0.9583657199985961
test,2019-520,4,234,1,0.0,0.26982900080753525
test,2019-520,4,234,2,1.0,0.8258517073750774
test,2019-520,4,234,3,0.0,0.4897096266028247
test,2019-520,4,234,4,0.0,0.2970480909379356
test,2019-520,4,234,5,1.0,0.7063425685733884
test,2019-520,4,234,6,0.0,0.02895933362554757
test,2019-520,4,234,7,1.0,0.3563762844045715
test,2019-520,5,235,0,1.0,0.8185532436264971
test,2019-520,5,235,1,0.0,0.055030376559408616
test,2019-520,5,235,2,1.0,0.7769175112694534
test,2019-520,5,235,3,1.0,0.8876260679004678
test,2019-520,6,236,0,1.0,0.8800404361212086
test,2019-520,6,236,1,0.0,0.7441082022567331
test,2019-520,7,237,0,0.0,0.15391463743205627
test,2019-540,1,238,0,1.0,0.9230506011778494
test,2019-540,1,238,1,0.0,0.6152653811574273
test,2019-540,1,238,2,1.0,0.12335873337503274
test,2019-540,1,238,3,0.0,0.5423362920611147
test,2019-540,1,238,4,1.0,0.4883082923520435
test,2019-540,1,238,5,0.0,0.15212027369934983
test,2019-540,1,238,6,0.0,0.10942388784119665
test,2019-540,1,238,7,1.0,0.2272985982406166
test,2019-540,1,238,8,0.0,0.11764260443542615
test,2019-540,1,238,9,0.0,0.043347443920232404
test,2019-540,1,238,10,0.0,0.04569164740143756
test,2019-540,1,238,11,1.0,0.6756873873124402
test,2019-540,1,238,12,1.0,0.5281803794303449
test,2019-540,1,238,13,0.0,0.10500875384895504
test,2019-540,1,238,14,0.0,0.380902342872636
test,2019-540,1,238,15,1.0,0.6425185158447632
test,2019-540,1,238,16,0.0,0.310259066037618
test,2019-540,1,238,17,1.0,0.18766367367242598
test,2019-540,1,238,18,0.0,0.10604301093787616
test,2019-540,1,238,19,1.0,0.8374622918214715
test,2019-540,1,238,20,0.0,0.31757357290533106
test,2019-540,1,238,21,1.0,0.8541279913762881
test,2019-540,1,238,22,1.0,0.7053958815804968
test,2019-540,1,238,23,0.0,0.35201058946493796
test,2019-540,1,238,24,1.0,0.8782623544848677
test,2019-540,1,238,25,0.0,0.2598675850191512
test,2019-540,1,238,26,1.0,0.21261938487204068
test,2019-540,1,238,27,0.0,0.3050153546519496
test,2019-540,1,238,28,0.0,0.43617104519165745
test,2019-540,1,238,29,1.0,0.5995800705414699
test,2019-540,1,238,30,0.0,0.5373171273682416
test,2019-540,1,238,31,0.0,0.046177599331711505
test,2019-540,1,238,32,0.0,0.04311150311555746
test,2019-540,1,238,33,1.0,0.6986337863559322
test,2019-540,1,238,34,1.0,0.8721229114875009
test,2019-540,1,238,35,0.0,0.812345199905723
test,2019-540,1,238,36,0.0,0.2602627825882317
test,2019-540,1,238,37,1.0,0.4746767940205198
test,2019-540,1,238,38,1.0,0.6734155630247618
test,2019-540,1,238,39,0.0,0.10512334129742167
test,2019-540,1,238,40,1.0,0.5969438136156929
test,2019-540,1,238,41,0.0,0.44293892056281087
test,2019-540,1,238,42,0.0,0.43909241866405446
test,2019-540,1,238,43,0.0,0.1041886632677192
test,2019-540,1,238,44,0.0,0.22500063992153288
test,2019-540,1,238,45,0.0,0.5172284513098032
test,2019-540,1,238,46,0.0,0.45417247688757406
test,2019-540,1,238,47,1.0,0.8230016701132835
test,2019-540,1,238,48,1.0,0.09256621193203188
test,2019-540,1,238,49,1.0,0.40628414963593795
test,2019-540,1,238,50,1.0,0.07404013282280268
test,2019-540,1,238,51,0.0,0.5790213012654236
test,2019-540,1,238,52,1.0,0.4971900901901939
test,2019-540,1,238,53,1.0,0.4851662195040278
test,2019-540,1,238,54,1.0,0.9389325710455672
test,2019-540,1,238,55,1.0,0.48038359682194953
test,2019-540,1,238,56,0.0,0.29358371507321085
test,2019-540,1,238,57,0.0,0.5722662862924001
test,2019-540,1,238,58,1.0,0.7196972176306073
test,2019-540,1,238,59,0.0,0.5749055564447356
test,2019-540,1,238,60,0.0,0.40076557700249915
test,2019-540,1,238,61,0.0,0.49533288704679124
test,2019-540,1,238,62,0.0,0.03483289736561861
test,2019-540,1,238,63,1.0,0.4759624628904794
test,2019-540,2,239,0,1.0,0.9704074693287322
test,2019-540,2,239,1,0.0,0.15235765905034482
test,2019-540,2,239,2,1.0,0.8705904384800232
test,2019-540,2,239,3,0.0,0.4048042559390075
test,2019-540,2,239,4,1.0,0.4212353601815643
test,2019-540,2,239,5,1.0,0.18158857069087167
test,2019-540,2,239,6,1.0,0.5165849889425184
test,2019-540,2,239,7,1.0,0.3276198079275709
test,2019-540,2,239,8,1.0,0.8952623508396925
test,2019-540,2,239,9,1.0,0.09167178912518954
test,2019-540,2,239,10,1.0,0.8265984936002191
test,2019-540,2,239,11,0.0,0.36287349901653826
test,2019-540,2,239,12,1.0,0.8195601832391285
test,2019-540,2,239,13,1.0,0.8496326430025118
test,2019-540,2,239,14,0.0,0.24259246895145092
test,2019-540,2,239,15,0.0,0.36936721242635717
test,2019-540,2,239,16,1.0,0.6524471065094974
test,2019-540,2,239,17,0.0,0.8576320908230937
test,2019-540,2,239,18,1.0,0.8307756421409798
test,2019-540,2,239,19,1.0,0.04670310300057588
test,2019-540,2,239,20,1.0,0.3824790898485674
test,2019-540,2,239,21,1.0,0.8389487584162518
test,2019-540,2,239,22,0.0,0.09464237647579019
test,2019-540,2,239,23,0.0,0.07280282374360827
test,2019-540,2,239,24,0.0,0.5342820174205944
test,2019-540,2,239,25,1.0,0.7844997347877162
test,2019-540,2,239,26,0.0,0.29925484403717767
test,2019-540,2,239,27,0.0,0.6037962678069196
test,2019-540,2,239,28,0.0,0.29412898432384454
test,2019-540,2,239,29,0.0,0.4022162462806663
test,2019-540,2,239,30,0.0,0.04069496358491887
test,2019-540,2,239,31,1.0,0.32999247906568013
test,2019-540,3,240,0,1.0,0.3991106354909853
test,2019-540,3,240,1,1.0,0.2979237515904823
test,2019-540,3,240,2,0.0,0.10643915572110474
test,2019-540,3,240,3,0.0,0.22765577217628208
test,2019-540,3,240,4,0.0,0.46827107837861137
test,2019-540,3,240,5,0.0,0.4333324994881332
test,2019-540,3,240,6,1.0,0.8670335420825355
test,2019-540,3,240,7,1.0,0.9148464214432216
test,2019-540,3,240,8,1.0,0.7259124755937522
test,2019-540,3,240,9,0.0,0.4954623487233956
test,2019-540,3,240,10,0.0,0.7506653407976845
test,2019-540,3,240,11,0.0,0.16134134179584075
test,2019-540,3,240,12,0.0,0.7943249379219629
test,2019-540,3,240,13,0.0,0.5210580184731722
test,2019-540,3,240,14,0.0,0.09621789709457718
test,2019-540,3,240,15,0.0,0.7150528348329802
test,2019-540,4,241,0,1.0,0.943229134666548
test,2019-540,4,241,1,0.0,0.13476211494288762
test,2019-540,4,241,2,1.0,0.8889594176334847
test,2019-540,4,241,3,0.0,0.246520372695687
test,2019-540,4,241,4,0.0,0.34736123834676147
test,2019-540,4,241,5,1.0,0.24883603923665035
test,2019-540,4,241,6,1.0,0.5645120335243843
test,2019-540,4,241,7,1.0,0.8994766269676725
test,2019-540,5,242,0,1.0,0.788178919716533
test,2019-540,5,242,1,0.0,0.11055282589400262
test,2019-540,5,242,2,0.0,0.28864401938490314
test,2019-540,5,242,3,0.0,0.052690097017418884
test,2019-540,6,243,0,0.0,0.6276797134689897
test,2019-540,6,243,1,0.0,0.09082087928988405
test,2019-540,7,244,0,0.0,0.2647438137632557
test,2019-560,1,245,0,0.0,0.4863790132548485
test,2019-560,1,245,1,0.0,0.5200308601104815
test,2019-560,1,245,2,0.0,0.04619732645411253
test,2019-560,1,245,3,1.0,0.30319969973172844
test,2019-560,1,245,4,0.0,0.24207235676269642
test,2019-560,1,245,5,0.0,0.6432236532196559
test,2019-560,1,245,6,0.0,0.22161816778073598
test,2019-560,1,245,7,0.0,0.7545351204477448
test,2019-560,1,245,8,0.0,0.5857290841869442
test,2019-560,1,245,9,1.0,0.5054944469184369
test,2019-560,1,245,10,0.0,0.7637007726187333
test,2019-560,1,245,11,0.0,0.44297445090647575
test,2019-560,1,245,12,1.0,0.7948685239851109
test,2019-560,1,245,13,0.0,0.48485296602652667
test,2019-560,1,245,14,0.0,0.30599396295362224
test,2019-560,1,245,15,0.0,0.8047854221192481
test,2019-560,1,245,16,0.0,0.5835129926428488
test,2019-560,1,245,17,1.0,0.4342395178540836
test,2019-560,1,245,18,1.0,0.048671420982268745
test,2019-560,1,245,19,1.0,0.43204602263756164
test,2019-560,1,245,20,0.0,0.29973336904584585
test,2019-560,1,245,21,1.0,0.8998786911517417
test,2019-560,1,245,22,0.0,0.3919444054323005
test,2019-560,1,245,23,0.0,0.5854421256457204
test,2019-560,1,245,24,0.0,0.5624390095674501
test,2019-560,1,245,25,0.0,0.44389669384877745
test,2019-560,1,245,26,0.0,0.22069101532553084
test,2019-560,1,245,27,0.0,0.031004533487247785
test,2019-560,1,245,28,0.0,0.8509136869020378
test,2019-560,1,245,29,0.0,0.4333877909407683
test,2019-560,1,245,30,1.0,0.651274650762041
test,2019-560,1,245,31,0.0,0.07786204582647606
test,2019-560,1,245,32,1.0,0.7343099892451547
test,2019-560,1,245,33,1.0,0.4000942217454054
test,2019-560,1,245,34,0.0,0.2390178164136082
test,2019-560,1,245,35,1.0,0.29110132549137635
test,2019-560,1,245,36,1.0,0.27906607285854323
test,2019-560,1,245,37,0.0,0.9112260270496185
test,2019-560,1,245,38,1.0,0.5355472526497479
test,2019-560,1,245,39,0.0,0.41344756446880393
test,2019-560,1,245,40,1.0,0.7419562018358646
test,2019-560,1,245,41,1.0,0.6101729056473703
test,2019-560,1,245,42,0.0,0.05881899292411774
test,2019-560,1,245,43,1.0,0.9757463814251441
test,2019-560,1,245,44,0.0,0.5299754429224061
test,2019-560,1,245,45,1.0,0.4979708918355453
test,2019-560,1,245,46,1.0,0.6218521381269377
test,2019-560,1,245,47,0.0,0.22652746934583326
test,2019-560,1,245,48,0.0,0.5521347161269446
test,2019-560,1,245,49,0.0,0.6456607402930142
test,2019-560,1,245,50,1.0,0.8893834795894228
test,2019-560,1,245,51,1.0,0.8540371122072079
test,2019-560,1,245,52,1.0,0.42698733148832424
test,2019-560,1,245,53,0.0,0.7433495751940805
test,2019-560,1,245,54,1.0,0.8622441387203239
test,2019-560,1,245,55,1.0,0.4598058291882352
test,2019-560,1,245,56,0.0,0.14612629034643376
test,2019-560,1,245,57,0.0,0.10869515754245793
test,2019-560,1,245,58,0.0,0.051102080296107306
test,2019-560,1,245,59,0.0,0.6484054981081019
test,2019-560,1,245,60,0.0,0.28144697551182796
test,2019-560,1,245,61,1.0,0.9392339207380246
test,2019-560,1,245,62,0.0,0.13415403343149523
test,2019-560,1,245,63,0.0,0.8217281295439683
test,2019-560,2,246,0,0.0,0.03131740863850372
test,2019-560,2,246,1,1.0,0.1694695551469687
test,2019-560,2,246,2,0.0,0.036392529261843956
test,2019-560,2,246,3,0.0,0.32919186864820366
test,2019-560,2,246,4,0.0,0.44968470523950166
test,2019-560,2,246,5,1.0,0.11400657442917908
test,2019-560,2,246,6,0.0,0.38989856715359594
test,2019-560,2,246,7,1.0,0.966846617710513
test,2019-560,2,246,8,0.0,0.3176132984530807
test,2019-560,2,246,9,0.0,0.2430826324698317
test,2019-560,2,246,10,0.0,0.7001067299434581
test,2019-560,2,246,11,0.0,0.6299719970816875
test,2019-560,2,246,12,1.0,0.7911472375688379
test,2019-560,2,246,13,0.0,0.6663430515428346
test,2019-560,2,246,14,0.0,0.05753122077854571
test,2019-560,2,246,15,1.0,0.9606479648836145
test,2019-560,2,246,16,0.0,0.07639369479308669
test,2019-560,2,246,17,0.0,0.17886938220353427
test,2019-560,2,246,18,1.0,0.5015357860730426
test,2019-560,2,246,19,0.0,0.6172359239751036
test,2019-560,2,246,20,1.0,0.7827452361371343
test,2019-560,2,246,21,0.0,0.07915121237019282
test,2019-560,2,246,22,0.0,0.6319874301006142
test,2019-560,2,246,23,0.0,0.7743646583921007
test,2019-560,2,246,24,1.0,0.48918333823068577
test,2019-560,2,246,25,0.0,0.6446526399624058
test,2019-560,2,246,26,0.0,0.051028300550428646
test,2019-560,2,246,27,1.0,0.5005663037281312
test,2019-560,2,246,28,0.0,0.6623998703680605
test,2019-560,2,246,29,0.0,0.40677795857643934
test,2019-560,2,246,30,0.0,0.07854505172195318
test,2019-560,2,246,31,1.0,0.7847138254391302
test,2019-560,3,247,0,1.0,0.5928858165614168
test,2019-560,3,247,1,1.0,0.9512463176847075
test,2019-560,3,247,2,1.0,0.5344677076680657
test,2019-560,3,247,3,1.0,0.43239744319053447
test,2019-560,3,247,4,1.0,0.09183285230097005
test,2019-560,3,247,5,0.0,0.09044011499930203
test,2019-560,3,247,6,0.0,0.3469200956997053
test,2019-560,3,247,7,1.0,0.96888682607976
test,2019-560,3,247,8,1.0,0.22460185237448402
test,2019-560,3,247,9,1.0,0.8098418850353089
test,2019-560,3,247,10,1.0,0.4607203376469882
test,2019-560,3,247,11,1.0,0.7384394069117282
test,2019-560,3,247,12,0.0,0.057855197383373594
test,2019-560,3,247,13,1.0,0.6587520472621753
test,2019-560,3,247,14,0.0,0.05333606177136653
test,2019-560,3,247,15,1.0,0.7826963557854926
test,2019-560,4,248,0,1.0,0.4602868217058945
test,2019-560,4,248,1,0.0,0.09522442602639711
test,2019-560,4,248,2,1.0,0.3707271831234942
test,2019-560,4,248,3,0.0,0.14645021409615092
test,2019-560,4,248,4,1.0,0.8199678797790146
test,2019-560,4,248,5,0.0,0.09131594335622693
test,2019-560,4,248,6,0.0,0.9306524496546865
test,2019-560,4,248,7,0.0,0.09115753830612726
test,2019-560,5,249,0,1.0,0.8866985345909064
test,2019-560,5,249,1,0.0,0.8367242899813315
test,2019-560,5,249,2,0.0,0.8068319765369221
test,2019-560,5,249,3,1.0,0.3388154913735767
test,2019-560,6,250,0,1.0,0.9397593265771327
test,2019-560,6,250,1,1.0,0.463892717897037
test,2019-560,7,251,0,0.0,0.0699927107129222
test,2020-580,1,252,0,0.0,0.08855343403490205
test,2020-580,1,252,1,1.0,0.4173417197225611
test,2020-580,1,252,2,1.0,0.7068296355638822
test,2020-580,1,252,3,1.0,0.8615548057399653
test,2020-580,1,252,4,0.0,0.5864810622860973
test,2020-580,1,252,5,1.0,0.5105035954480406
test,2020-580,1,252,6,0.0,0.3317731676565493
test,2020-580,1,252,7,1.0,0.8577174012376069
test,2020-580,1,252,8,0.0,0.1909560185399502
test,2020-580,1,252,9,1.0,0.4416950086545431
test,2020-580,1,252,10,0.0,0.04032768289299716
test,2020-580,1,252,11,0.0,0.6480936950477253
test,2020-580,1,252,12,0.0,0.28212035289227405
test,2020-580,1,252,13,0.0,0.7982136071081255
test,2020-580,1,252,14,0.0,0.18764000115319718
test,2020-580,1,252,15,0.0,0.10448767517960554
test,2020-580,1,252,16,1.0,0.8550971382047099
test,2020-580,1,252,17,0.0,0.09066118160860358
test,2020-580,1,252,18,0.0,0.1768975928548818
test,2020-580,1,252,19,0.0,0.347093303715014
test,2020-580,1,252,20,1.0,0.5909257159824034
test,2020-580,1,252,21,0.0,0.05986246305026456
test,2020-580,1,252,22,0.0,0.02678608294575775
test,2020-580,1,252,23,1.0,0.5704647240154335
test,2020-580,1,252,24,0.0,0.29074284433772934
test,2020-580,1,252,25,0.0,0.328285413368381
test,2020-580,1,252,26,0.0,0.10053644813139459
test,2020-580,1,252,27,1.0,0.4049525822255994
test,2020-580,1,252,28,1.0,0.5528627547662243
test,2020-580,1,252,29,0.0,0.0339822424065025
test,2020-580,1,252,30,1.0,0.29711840509117754
test,2020-580,1,252,31,1.0,0.478763779352925
test,2020-580,1,252,32,0.0,0.5100771904000442
test,2020-580,1,252,33,1.0,0.8703033215937813
test,2020-580,1,252,34,1.0,0.8761056966383988
test,2020-580,1,252,35,0.0,0.3903908819845726
test,2020-580,1,252,36,0.0,0.3800745209758653
test,2020-580,1,252,37,0.0,0.6146225654243834
test,2020-580,1,252,38,1.0,0.2329964522515389
test,2020-580,1,252,39,0.0,0.5974132454752027
test,2020-580,1,252,40,1.0,0.882079720459982
test,2020-580,1,252,41,1.0,0.2876046209067211
test,2020-580,1,252,42,1.0,0.941564467275927
test,2020-580,1,252,43,1.0,0.7603148311554929
test,2020-580,1,252,44,1.0,0.9525217445789907
test,2020-580,1,252,45,1.0,0.47606904336755496
test,2020-580,1,252,46,0.0,0.2868253156304489
test,2020-580,1,252,47,0.0,0.12929269212370764
test,2020-580,1,252,48,0.0,0.3572954589903327
test,2020-580,1,252,49,1.0,0.7138011821376277
test,2020-580,1,252,50,1.0,0.7106321117461223
test,2020-580,1,252,51,1.0,0.9709527945477088
test,2020-580,1,252,52,0.0,0.47659285977476873
test,2020-580,1,252,53,0.0,0.55233467011231
test,2020-580,1,252,54,0.0,0.15551018255132257
test,2020-580,1,252,55,1.0,0.5787457566814082
test,2020-580,1,252,56,1.0,0.6858617161182039
test,2020-580,1,252,57,1.0,0.7494200977385576
test,2020-580,1,252,58,0.0,0.7737316321900302
test,2020-580,1,252,59,1.0,0.5692760602566782
test,2020-580,1,252,60,0.0,0.7218497220796246
test,2020-580,1,252,61,0.0,0.09093049831053686
test,2020-580,1,252,62,1.0,0.5467619628385711
test,2020-580,1,252,63,0.0,0.23411564897767412
test,2020-580,2,253,0,1.0,0.6930166500042989
test,2020-580,2,253,1,0.0,0.3307795435023824
test,2020-580,2,253,2,1.0,0.5888164119492736
test,2020-580,2,253,3,0.0,0.889645263718757
test,2020-580,2,253,4,1.0,0.9634926040452144
test,2020-580,2,253,5,1.0,0.6641167854216804
test,2020-580,2,253,6,1.0,0.91662050575979
test,2020-580,2,253,7,0.0,0.1718848739548012
test,2020-580,2,253,8,1.0,0.735174749550356
test,2020-580,2,253,9,0.0,0.15344268056891494
test,2020-580,2,253,10,0.0,0.2744796037686819
test,2020-580,2,253,11,0.0,0.3959499838106546
test,2020-580,2,253,12,1.0,0.8420644568402025
test,2020-580,2,253,13,1.0,0.8401514796335918
test,2020-580,2,253,14,0.0,0.08110106020035932
test,2020-580,2,253,15,0.0,0.21740805246835565
test,2020-580,2,253,16,1.0,0.715811893344038
test,2020-580,2,253,17,1.0,0.8124306522667656
test,2020-580,2,253,18,0.0,0.10031713769504538
test,2020-580,2,253,19,1.0,0.8808849264991689
test,2020-580,2,253,20,0.0,0.15428936610364047
test,2020-580,2,253,21,1.0,0.8961221471003648
test,2020-580,2,253,22,1.0,0.8593795417771047
test,2020-580,2,253,23,1.0,0.323192632298622
test,2020-580,2,253,24,1.0,0.44319692673972877
test,2020-580,2,253,25,0.0,0.6526048073016276
test,2020-580,2,253,26,1.0,0.8189728346144898
test,2020-580,2,253,27,1.0,0.416268014530494
test,2020-580,2,253,28,1.0,0.5080779805542965
test,2020-580,2,253,29,0.0,0.024513000916791098
test,2020-580,2,253,30,0.0,0.16182489622887222
test,2020-580,2,253,31,1.0,0.973069774876806
test,2020-580,3,254,0,0.0,0.26567395032822905
test,2020-580,3,254,1,0.0,0.5734616441374537
test,2020-580,3,254,2,1.0,0.9694211278052279
test,2020-580,3,254,3,1.0,0.7730570831023319
test,2020-580,3,254,4,0.0,0.49015719520377526
test,2020-580,3,254,5,0.0,0.03116673559825713
test,2020-580,3,254,6,0.0,0.30220410951470655
test,2020-580,3,254,7,1.0,0.6568620215927279
test,2020-580,3,254,8,1.0,0.25813227381609555
test,2020-580,3,254,9,1.0,0.42490363826693267
test,2020-580,3,254,10,0.0,0.5708875010896866
test,2020-580,3,254,11,0.0,0.2664392450754841
test,2020-580,3,254,12,1.0,0.719521720875794
test,2020-580,3,254,13,1.0,0.8016134602398801
test,2020-580,3,254,14,1.0,0.9044219524560752
test,2020-580,3,254,15,1.0,0.9084609277425
test,2020-580,4,255,0,1.0,0.9226953604671163
test,2020-580,4,255,1,0.0,0.6882390757706093
test,2020-580,4,255,2,1.0,0.9579379921004685
test,2020-580,4,255,3,1.0,0.25726728088448847
test,2020-580,4,255,4,0.0,0.20684185232949
test,2020-580,4,255,5,1.0,0.6877650493876231
test,2020-580,4,255,6,1.0,0.495424887667323
test,2020-580,4,255,7,1.0,0.9365092324231149
test,2020-580,5,256,0,1.0,0.924443083505184
test,2020-580,5,256,1,1.0,0.9431495464746272
test,2020-580,5,256,2,1.0,0.44523338789146194
test,2020-580,5,256,3,0.0,0.8470152642387236
test,2020-580,6,257,0,0.0,0.16111489517994013
test,2020-580,6,257,1,0.0,0.25862260155079786
test,2020-580,7,258,0,0.0,0.07539150980804449
test,2020-520,1,259,0,0.0,0.8415618711710526
test,2020-520,1,259,1,1.0,0.9030317684964176
test,2020-520,1,259,2,0.0,0.09217696410297921
test,2020-520,1,259,3,0.0,0.7205758003933356
test,2020-520,1,259,4,0.0,0.39010712661994473
test,2020-520,1,259,5,0.0,0.9062703485051538
test,2020-520,1,259,6,0.0,0.4768718430623741
test,2020-520,1,259,7,1.0,0.7622261494195233
test,2020-520,1,259,8,0.0,0.15745443256717062
test,2020-520,1,259,9,0.0,0.4094273609086155
test,2020-520,1,259,10,1.0,0.47494664303121437
test,2020-520,1,259,11,0.0,0.2004058546744339
test,2020-520,1,259,12,1.0,0.39954592966695673
test,2020-520,1,259,13,0.0,0.44607304702213585
test,2020-520,1,259,14,0.0,0.3214880537122729
test,2020-520,1,259,15,1.0,0.8885297368861155
test,2020-520,1,259,16,1.0,0.9722168431115559
test,2020-520,1,259,17,0.0,0.04672486685866754
test,2020-520,1,259,18,1.0,0.6435470546855794
test,2020-520,1,259,19,1.0,0.655611674306999
test,2020-520,1,259,20,0.0,0.20447336507805208
test,2020-520,1,259,21,0.0,0.7290918815751353
test,2020-520,1,259,22,0.0,0.6847601916719388
test,2020-520,1,259,23,0.0,0.39043776767845323
test,2020-520,1,259,24,0.0,0.703264851982711
test,2020-520,1,259,25,0.0,0.42429595043241075
test,2020-520,1,259,26,0.0,0.6713818396426809
test,2020-520,1,259,27,0.0,0.7834995619638554
test,2020-520,1,259,28,0.0,0.2222374315995272
test,2020-520,1,259,29,0.0,0.302837087119308
test,2020-520,1,259,30,0.0,0.24883602875263705
test,2020-520,1,259,31,0.0,0.37603913378365067
test,2020-520,1,259,32,0.0,0.28132576814878835
test,2020-520,1,259,33,0.0,0.07884700995191217
test,2020-520,1,259,34,1.0,0.7686719918300994
test,2020-520,1,259,35,1.0,0.31988717782808274
test,2020-520,1,259,36,0.0,0.6404909913395793
test,2020-520,1,259,37,1.0,0.43436643773478073
test,2020-520,1,259,38,0.0,0.6790817859375817
test,2020-520,1,259,39,1.0,0.7325759210482802
test,2020-520,1,259,40,1.0,0.5512613706073747
test,2020-520,1,259,41,0.0,0.5175807971967628
test,2020-520,1,259,42,0.0,0.3842181158268447
test,2020-520,1,259,43,1.0,0.5748027590301069
test,2020-520,1,259,44,1.0,0.3034531078261573
test,2020-520,1,259,45,1.0,0.5279638750364727
test,2020-520,1,259,46,0.0,0.5468251568897989
test,2020-520,1,259,47,1.0,0.5944765187451484
test,2020-520,1,259,48,1.0,0.24447081710681193
test,2020-520,1,259,49,1.0,0.32168238246347713
test,2020-520,1,259,50,0.0,0.9064511507404163
test,2020-520,1,259,51,1.0,0.498897659725369
test,2020-520,1,259,52,0.0,0.11120590208441573
test,2020-520,1,259,53,1.0,0.5914436982644384
test,2020-520,1,259,54,0.0,0.8800750399982743
test,2020-520,1,259,55,0.0,0.10004148464812479
test,2020-520,1,259,56,0.0,0.18358974484223825
test,2020-520,1,259,57,1.0,0.658368050333387
test,2020-520,1,259,58,0.0,0.6838459153054245
test,2020-520,1,259,59,1.0,0.7332130154612355
test,2020-520,1,259,60,0.0,0.6511376067230968
test,2020-520,1,259,61,0.0,0.5598616965234533
test,2020-520,1,259,62,0.0,0.6030584029885635
test,2020-520,1,259,63,0.0,0.13524163477329826
test,2020-520,2,260,0,1.0,0.2566421334077664
test,2020-520,2,260,1,1.0,0.9696290870230581
test,2020-520,2,260,2,0.0,0.590326096319164
test,2020-520,2,260,3,0.0,0.2560066254854897
test,2020-520,2,260,4,1.0,0.8061907324713694
test,2020-520,2,260,5,0.0,0.12088571386705363
test,2020-520,2,260,6,0.0,0.29363135154501285
test,2020-520,2,260,7,1.0,0.7808738362192265
test,2020-520,2,260,8,1.0,0.4892027282099952
test,2020-520,2,260,9,0.0,0.3944115957410707
test,2020-520,2,260,10,1.0,0.6595373303335459
test,2020-520,2,260,11,1.0,0.6289616224944685
test,2020-520,2,260,12,0.0,0.7830453820417418
test,2020-520,2,260,13,1.0,0.8487234906264599
test,2020-520,2,260,14,0.0,0.405378592854819
test,2020-520,2,260,15,1.0,0.7053605473629772
test,2020-520,2,260,16,0.0,0.03389959027162181
test,2020-520,2,260,17,0.0,0.8265221963040015
test,2020-520,2,260,18,0.0,0.8851409072956349
test,2020-520,2,260,19,0.0,0.6169428310335264
test,2020-520,2,260,20,1.0,0.584226938200314
test,2020-520,2,260,21,1.0,0.205899138880469
test,2020-520,2,260,22,0.0,0.3291790162569432
test,2020-520,2,260,23,0.0,0.1318628531547182
test,2020-520,2,260,24,0.0,0.04369517128683247
test,2020-520,2,260,25,0.0,0.4528643882040088
test,2020-520,2,260,26,1.0,0.3249000624680656
test,2020-520,2,260,27,1.0,0.8171617912387007
test,2020-520,2,260,28,1.0,0.81482991531172
test,2020-520,2,260,29,1.0,0.5270555530850487
test,2020-520,2,260,30,1.0,0.44488681997678786
test,2020-520,2,260,31,1.0,0.6184254490571135
test,2020-520,3,261,0,1.0,0.404225143163746
test,2020-520,3,261,1,0.0,0.2690346890817574
test,2020-520,3,261,2,1.0,0.36856865964034935
test,2020-520,3,261,3,1.0,0.5304194676909638
test,2020-520,3,261,4,0.0,0.21728721249637484
test,2020-520,3,261,5,1.0,0.9496047067470484
test,2020-520,3,261,6,0.0,0.14964424671213464
test,2020-520,3,261,7,1.0,0.8282064342458393
test,2020-520,3,261,8,1.0,0.4010517255232307
test,2020-520,3,261,9,0.0,0.1539990160098685
test,2020-520,3,261,10,0.0,0.025941561571362425
test,2020-520,3,261,11,0.0,0.7314686061581251
test,2020-520,3,261,12,0.0,0.39469561857556973
test,2020-520,3,261,13,1.0,0.7675006313696732
test,2020-520,3,261,14,0.0,0.05620208168620106
test,2020-520,3,261,15,0.0,0.9023060489200428
test,2020-520,4,262,0,0.0,0.03146889507975296
test,2020-520,4,262,1,1.0,0.2083022567395497
test,2020-520,4,262,2,1.0,0.9039790208204227
test,2020-520,4,262,3,0.0,0.13126714491868546
test,2020-520,4,262,4,0.0,0.39016213464264504
test,2020-520,4,262,5,1.0,0.8838805660618061
test,2020-520,4,262,6,1.0,0.9236690752397735
test,2020-520,4,262,7,0.0,0.6798029077632564
test,2020-520,5,263,0,0.0,0.8056095856888305
test,2020-520,5,263,1,1.0,0.9285293471443388
test,2020-520,5,263,2,1.0,0.7914990291395926
test,2020-520,5,263,3,1.0,0.9016601818448142
test,2020-520,6,264,0,0.0,0.086815746961842
test,2020-520,6,264,1,1.0,0.8920308533638989
test,2020-520,7,265,0,1.0,0.5480504667108391
